direction,target_price,calc_target_price,target_time,predicted_range,predicted_duration,actual_end_price,actual_end_time,actual_direction,actual_range,actual_duration,price_error,price_error_pct,range_error,duration_error,start_time,start_price
Down,4439.369286911488,4438.780145187378,2026-01-05 18:31:06.840991973,9.98985481262207,15.11401653289795,4440.31,2026-01-05 18:30:00,Down,8.460000000000036,14.0,0.9407130885119841,0.021185752537817945,1.529854812622034,1.1140165328979492,2026-01-05 18:16:00,4448.77
Up,4454.552580076456,4453.296093521119,2026-01-05 18:49:18.325080871,12.986093521118164,19.305418014526367,4454.43,2026-01-05 18:54:00,Up,14.11999999999989,24.0,0.1225800764559608,0.0027518689586762124,1.1339064788817268,4.694581985473633,2026-01-05 18:30:00,4440.31
Down,4445.1914978384975,4444.522170715332,2026-01-05 19:14:56.430931091,9.907829284667969,20.940515518188477,4432.4,2026-01-05 19:05:00,Down,22.030000000000655,11.0,12.79149783849789,0.28859078238646985,12.122170715332686,9.940515518188477,2026-01-05 18:54:00,4454.43
Up,4441.702187204361,4441.218711280822,2026-01-05 19:20:56.135673522,8.818711280822754,15.93559455871582,4449.13,2026-01-05 19:26:00,Up,16.730000000000473,21.0,7.427812795639511,0.16694978109516942,7.911288719177719,5.06440544128418,2026-01-05 19:05:00,4432.4
Down,4434.49873760879,4437.497994308472,2026-01-05 19:43:28.956413269,11.63200569152832,17.482606887817383,4437.84,2026-01-05 19:44:00,Down,11.289999999999964,18.0,3.341262391209966,0.07529028516598088,0.3420056915283567,0.5173931121826172,2026-01-05 19:26:00,4449.13
Up,4447.991061286926,4449.125355567932,2026-01-05 20:01:00.325584411,11.285355567932129,17.00542640686035,4445.75,2026-01-05 19:57:00,Up,7.9099999999998545,13.0,2.2410612869261968,0.05040907129114765,3.3753555679322744,4.005426406860352,2026-01-05 19:44:00,4437.84
Down,4438.074376434088,4437.869843006134,2026-01-05 20:14:05.609436035,7.880156993865967,17.093490600585938,4441.89,2026-01-05 20:01:00,Down,3.8599999999996726,4.0,3.815623565912574,0.08590090177632885,4.020156993866294,13.093490600585938,2026-01-05 19:57:00,4445.75
Up,4450.624872035981,4451.4415022277835,2026-01-05 20:15:16.997795104,9.551502227783203,14.283296585083008,4448.59,2026-01-05 20:16:00,Up,6.699999999999818,15.0,2.0348720359806975,0.045741955001038476,2.851502227783385,0.7167034149169922,2026-01-05 20:01:00,4441.89
Down,4439.647062451244,4438.921036567688,2026-01-05 20:30:49.583415985,9.668963432312012,14.826390266418457,4439.88,2026-01-05 20:29:00,Down,8.710000000000036,13.0,0.2329375487561265,0.005246482985038481,0.9589634323119753,1.826390266418457,2026-01-05 20:16:00,4448.59
Up,4449.257693395614,4447.924097900391,2026-01-05 20:45:33.520088195,8.044097900390625,16.55866813659668,4449.24,2026-01-05 21:00:00,Up,9.359999999999673,31.0,0.017693395614514884,0.00039767231290096475,1.3159020996090476,14.44133186340332,2026-01-05 20:29:00,4439.88
Down,4441.413819444179,4442.691410770416,2026-01-05 21:15:31.066875457,6.54858922958374,15.517781257629395,4435.14,2026-01-05 21:10:00,Down,14.099999999999454,10.0,6.273819444179026,0.14145707788658363,7.551410770415714,5.5177812576293945,2026-01-05 21:00:00,4449.24
Up,4446.408922562599,4448.115950241089,2026-01-05 21:26:33.984603881,12.975950241088867,16.566410064697266,4445.86,2026-01-05 21:34:00,Up,10.719999999999345,24.0,0.5489225625997278,0.012346825194669373,2.255950241089522,7.433589935302734,2026-01-05 21:10:00,4435.14
Down,4437.996040844917,4436.77425037384,2026-01-05 21:51:47.085800170,9.085749626159668,17.78476333618164,4438.66,2026-01-05 21:56:00,Down,7.199999999999818,22.0,0.6639591550829209,0.014958549541594106,1.8857496261598499,4.215236663818359,2026-01-05 21:34:00,4445.86
Up,4447.1900967526435,4448.843708190918,2026-01-05 22:12:52.864837646,10.183708190917969,16.881080627441406,4447.0,2026-01-05 22:21:00,Up,8.340000000000146,25.0,0.19009675264351245,0.004274718971070664,1.8437081909178232,8.118919372558594,2026-01-05 21:56:00,4438.66
Down,4441.616328656673,4440.746389865875,2026-01-05 22:34:14.667205810,6.253610134124756,13.244453430175781,4438.07,2026-01-05 22:44:00,Down,8.930000000000291,23.0,3.5463286566737224,0.0799070013919051,2.676389865875535,9.755546569824219,2026-01-05 22:21:00,4447.0
Up,4447.106859711408,4445.777845687866,2026-01-05 22:56:23.153228759,7.707845687866211,12.385887145996094,4448.24,2026-01-05 23:10:00,Up,10.170000000000073,26.0,1.133140288591676,0.02547390178119157,2.462154312133862,13.614112854003906,2026-01-05 22:44:00,4438.07
Down,4442.454472470284,4440.3652784729,2026-01-05 23:25:17.569828033,7.874721527099609,15.292830467224121,4443.46,2026-01-05 23:19:00,Down,4.779999999999745,9.0,1.0055275297163462,0.022629381826692403,3.094721527099864,6.292830467224121,2026-01-05 23:10:00,4448.24
Up,4456.0393562030795,4453.845538101196,2026-01-05 23:33:08.169765472,10.385538101196289,14.136162757873535,4448.37,2026-01-05 23:34:00,Up,4.9099999999998545,15.0,7.669356203079587,0.17240823499573074,5.475538101196435,0.8638372421264648,2026-01-05 23:19:00,4443.46
Down,4442.024320287108,4440.027628059387,2026-01-05 23:48:33.520374298,8.342371940612793,14.558672904968262,4445.29,2026-01-05 23:47:00,Down,3.0799999999999272,13.0,3.2656797128920516,0.07346381704887761,5.262371940612866,1.5586729049682617,2026-01-05 23:34:00,4448.37
Up,4457.431523895264,4458.085060157776,2026-01-06 00:01:52.965488433,12.795060157775879,14.882758140563965,4460.09,2026-01-06 01:10:00,Up,14.800000000000182,83.0,2.65847610473611,0.05960588474080365,2.004939842224303,68.11724185943604,2026-01-05 23:47:00,4445.29
Down,4450.862621399165,4443.9184454345705,2026-01-06 01:26:55.703659057,16.171554565429688,16.928394317626953,4436.76,2026-01-06 02:01:00,Down,23.329999999999927,51.0,14.10262139916449,0.31785855892959025,7.15844543457024,34.07160568237305,2026-01-06 01:10:00,4460.09
Up,4449.1141164493565,4455.094489822388,2026-01-06 02:29:27.589416503,18.334489822387695,28.459823608398438,4444.78,2026-01-06 02:31:00,Up,8.019999999999527,30.0,4.33411644935677,0.09751025808604184,10.314489822388168,1.5401763916015625,2026-01-06 02:01:00,4436.76
Down,4438.937509008646,4435.807955055237,2026-01-06 02:48:12.634048461,8.972044944763184,17.210567474365234,4430.46,2026-01-06 02:40:00,Down,14.319999999999709,9.0,8.477509008645939,0.19134602295576392,5.347955055236525,8.210567474365234,2026-01-06 02:31:00,4444.78
Up,4442.782314054966,4445.272135696411,2026-01-06 02:54:07.844638824,14.812135696411133,14.130743980407715,4438.21,2026-01-06 02:48:00,Up,7.75,8.0,4.572314054966228,0.1030215797577453,7.062135696411133,6.130743980407715,2026-01-06 02:40:00,4430.46
Down,4429.467815011144,4427.5392989730835,2026-01-06 03:02:00.213890075,10.670701026916504,14.003564834594727,4434.68,2026-01-06 02:54:00,Down,3.5299999999997453,6.0,5.212184988856279,0.11753238089008179,7.140701026916759,8.003564834594727,2026-01-06 02:48:00,4438.21
Up,4451.358009586334,4449.893645935059,2026-01-06 03:11:02.071952819,15.213645935058594,17.03453254699707,4440.24,2026-01-06 03:00:00,Up,5.559999999999491,6.0,11.118009586334665,0.2503920866064597,9.653645935059103,11.03453254699707,2026-01-06 02:54:00,4434.68
Down,4428.65482008934,4428.357744445801,2026-01-06 03:14:28.150978088,11.882255554199219,14.469182968139648,4428.06,2026-01-06 03:03:00,Down,12.179999999999382,3.0,0.5948200893399189,0.013432972663873544,0.2977444458001628,11.469182968139648,2026-01-06 03:00:00,4440.24
Up,4440.525552914143,4442.378174362183,2026-01-06 03:17:00.981044769,14.318174362182617,14.016350746154785,4444.21,2026-01-06 03:15:00,Up,16.149999999999636,12.0,3.6844470858568457,0.08290443264060081,1.831825637817019,2.016350746154785,2026-01-06 03:03:00,4428.06
Down,4425.776182989478,4425.550221405029,2026-01-06 03:33:24.485664367,18.659778594970703,18.40809440612793,4432.78,2026-01-06 03:34:00,Down,11.430000000000291,19.0,7.003817010521743,0.15800055519384548,7.229778594970412,0.5919055938720703,2026-01-06 03:15:00,4444.21
Up,4443.03309924364,4448.948674468994,2026-01-06 03:50:36.146392822,16.16867446899414,16.602439880371094,4460.98,2026-01-06 04:30:00,Up,28.199999999999818,56.0,17.946900756359355,0.40230847832447936,12.031325531005677,39.397560119628906,2026-01-06 03:34:00,4432.78
Down,4447.492203724384,4448.561783294677,2026-01-06 04:46:34.669990539,12.418216705322266,16.57783317565918,4448.9,2026-01-06 04:41:00,Down,12.079999999999927,11.0,1.4077962756155102,0.03164369339871677,0.3382167053223384,5.57783317565918,2026-01-06 04:30:00,4460.98
Up,4460.750675404071,4459.990691566467,2026-01-06 04:55:05.882091522,11.090691566467285,14.098034858703613,4457.55,2026-01-06 04:49:00,Up,8.650000000000546,8.0,3.200675404071262,0.07180346612087946,2.4406915664667395,6.098034858703613,2026-01-06 04:41:00,4448.9
Down,4449.76791985631,4448.3381984710695,2026-01-06 05:04:56.403121948,9.211801528930664,15.940052032470703,4451.88,2026-01-06 04:57:00,Down,5.670000000000073,8.0,2.1120801436900365,0.047442432044215846,3.5418015289305913,7.940052032470703,2026-01-06 04:49:00,4457.55
Up,4464.21784034729,4464.119809036255,2026-01-06 05:11:54.968719482,12.239809036254883,14.916145324707031,4468.06,2026-01-06 05:24:00,Up,16.18000000000029,27.0,3.8421596527105066,0.0859916754186494,3.9401909637454082,12.083854675292969,2026-01-06 04:57:00,4451.88
Down,4457.820639019013,4457.97219329834,2026-01-06 05:38:43.890266418,10.087806701660156,14.731504440307617,4464.66,2026-01-06 05:50:00,Down,3.4000000000005457,26.0,6.839360980987294,0.15318884262155,6.6878067016596106,11.268495559692383,2026-01-06 05:24:00,4468.06
Up,4472.73604203701,4474.616744194031,2026-01-06 06:07:11.207084655,9.956744194030762,17.186784744262695,4468.12,2026-01-06 05:55:00,Up,3.4600000000000364,5.0,4.61604203700972,0.10331061021211874,6.496744194030725,12.186784744262695,2026-01-06 05:50:00,4464.66
Down,4460.743182780742,4459.236358757019,2026-01-06 06:10:38.455066680,8.883641242980957,15.640917778015137,4464.73,2026-01-06 06:07:00,Down,3.3900000000003274,12.0,3.9868172192573184,0.08929581899145791,5.49364124298063,3.6409177780151367,2026-01-06 05:55:00,4468.12
Up,4473.700859545469,4473.06222579956,2026-01-06 06:21:53.319568634,8.332225799560547,14.888659477233887,4468.55,2026-01-06 06:12:00,Up,3.8200000000006185,5.0,5.1508595454688475,0.11526914872763755,4.512225799559928,9.888659477233887,2026-01-06 06:07:00,4464.73
Down,4462.494083371758,4460.389948654175,2026-01-06 06:29:02.551918029,8.160051345825195,17.042531967163086,4463.25,2026-01-06 06:15:00,Down,5.300000000000182,3.0,0.7559166282417209,0.01693646173173631,2.8600513458250134,14.042531967163086,2026-01-06 06:12:00,4468.55
Up,4470.432821631432,4471.4048500061035,2026-01-06 06:34:08.143501281,8.154850006103516,19.135725021362305,4466.37,2026-01-06 06:34:00,Up,3.119999999999891,19.0,4.062821631431689,0.09096473492862635,5.034850006103625,0.1357250213623047,2026-01-06 06:15:00,4463.25
Down,4459.15793158114,4455.923031921387,2026-01-06 07:23:16.938171386,10.446968078613281,49.28230285644531,4461.96,2026-01-06 06:43:00,Down,4.4099999999998545,9.0,2.802068418860472,0.06279904837471585,6.036968078613427,40.28230285644531,2026-01-06 06:34:00,4466.37
Up,4473.5986588525775,4470.871289215088,2026-01-06 06:58:02.821369171,8.91128921508789,15.047022819519043,4469.54,2026-01-06 07:05:00,Up,7.579999999999927,22.0,4.058658852577537,0.09080708199451257,1.3312892150879634,6.952977180480957,2026-01-06 06:43:00,4461.96
Down,4460.353544522523,4455.0649309539795,2026-01-06 07:22:07.822608947,14.475069046020508,17.1303768157959,4466.92,2026-01-06 07:15:00,Down,2.619999999999891,10.0,6.566455477476666,0.14700185983802408,11.855069046020617,7.130376815795898,2026-01-06 07:05:00,4469.54
Up,4479.339991741181,4476.141333503723,2026-01-06 07:39:40.381622314,9.221333503723145,24.67302703857422,4474.15,2026-01-06 07:31:00,Up,7.229999999999563,16.0,5.189991741181075,0.11599950250172826,1.991333503723581,8.673027038574219,2026-01-06 07:15:00,4466.92
Down,4466.175464329123,4465.466654205322,2026-01-06 07:47:28.154296875,8.683345794677734,16.46923828125,4449.56,2026-01-06 07:57:00,Down,24.589999999999236,26.0,16.615464329122915,0.3734181431225315,15.906654205321502,9.53076171875,2026-01-06 07:31:00,4474.15
Up,4461.754560098649,4468.694927749634,2026-01-06 08:15:36.779937744,19.13492774963379,18.612998962402344,4465.82,2026-01-06 08:37:00,Up,16.25999999999931,40.0,4.065439901351056,0.09103456703026669,2.8749277496344803,21.387001037597656,2026-01-06 07:57:00,4449.56
Down,4451.6302838659285,4449.531402893066,2026-01-06 08:55:43.503684997,16.288597106933594,18.725061416625977,4461.23,2026-01-06 08:46:00,Down,4.5900000000001455,9.0,9.599716134071059,0.21518092844509382,11.698597106933448,9.725061416625977,2026-01-06 08:37:00,4465.82
Up,4470.547487430572,4473.513998489379,2026-01-06 09:00:22.680873870,12.283998489379883,14.37801456451416,4470.48,2026-01-06 09:09:00,Up,9.25,23.0,0.06748743057232787,0.0015096238115890881,3.033998489379883,8.62198543548584,2026-01-06 08:46:00,4461.23
Down,4462.63591012001,4462.236030082702,2026-01-06 09:23:11.644306182,8.243969917297363,14.194071769714355,4461.66,2026-01-06 09:26:00,Down,8.819999999999709,17.0,0.9759101200097575,0.021873251659914866,0.5760300827023457,2.8059282302856445,2026-01-06 09:09:00,4470.48
Up,4472.832488923073,4469.833174858093,2026-01-06 09:39:45.552635192,8.173174858093262,13.759210586547852,4467.25,2026-01-06 09:32:00,Up,5.5900000000001455,6.0,5.58248892307256,0.12496477526604868,2.583174858093116,7.759210586547852,2026-01-06 09:26:00,4461.66
Down,4457.359177321196,4453.74352645874,2026-01-06 09:45:07.759265899,13.506473541259766,13.129321098327637,4457.25,2026-01-06 09:56:00,Down,10.0,24.0,0.10917732119560242,0.00244943230008643,3.5064735412597656,10.870678901672363,2026-01-06 09:32:00,4467.25
Up,4468.742474108934,4466.654015541077,2026-01-06 10:11:43.398399353,9.40401554107666,15.723306655883789,4475.73,2026-01-06 10:27:00,Up,18.479999999999563,31.0,6.987525891065161,0.15612036228872522,9.075984458922903,15.276693344116211,2026-01-06 09:56:00,4457.25
Down,4466.166941784024,4463.925480346679,2026-01-06 10:43:43.437309265,11.804519653320312,16.723955154418945,4464.53,2026-01-06 10:41:00,Down,11.199999999999818,14.0,1.6369417840242022,0.036665489626549766,0.6045196533204944,2.7239551544189453,2026-01-06 10:27:00,4475.73
Up,4472.92407052517,4472.864474563598,2026-01-06 10:56:04.292335510,8.334474563598633,15.071538925170898,4469.45,2026-01-06 10:58:00,Up,4.920000000000073,17.0,3.4740705251697364,0.07772926255288093,3.41447456359856,1.9284610748291016,2026-01-06 10:41:00,4464.53
Down,4462.417839738727,4463.328817558288,2026-01-06 11:14:45.551948547,6.121182441711426,16.759199142456055,4442.54,2026-01-06 12:03:00,Down,26.909999999999854,65.0,19.877839738726834,0.4474431234997734,20.78881755828843,48.240800857543945,2026-01-06 10:58:00,4469.45
Up,4452.404181284905,4452.3670597457885,2026-01-06 12:21:25.435752868,9.827059745788574,18.42392921447754,4452.69,2026-01-06 12:19:00,Up,10.149999999999636,16.0,0.2858187150950471,0.006419012217222558,0.322940254211062,2.423929214477539,2026-01-06 12:03:00,4442.54
Down,4444.462568821907,4445.184754791259,2026-01-06 12:33:02.302207946,7.505245208740234,14.038370132446289,4448.52,2026-01-06 12:30:00,Down,4.169999999999163,11.0,4.057431178093793,0.09120856325460587,3.335245208741071,3.038370132446289,2026-01-06 12:19:00,4452.69
Up,4455.7947227382665,4455.356342334748,2026-01-06 12:44:46.290779113,6.8363423347473145,14.771512985229492,4456.08,2026-01-06 12:38:00,Up,7.559999999999491,8.0,0.2852772617334267,0.006401978010570427,0.7236576652521762,6.771512985229492,2026-01-06 12:30:00,4448.52
Down,4446.410986003875,4444.984949188232,2026-01-06 12:54:41.201362609,11.095050811767578,16.686689376831055,4449.42,2026-01-06 12:43:00,Down,6.6599999999998545,5.0,3.0090139961248497,0.067627106367231,4.435050811767724,11.686689376831055,2026-01-06 12:38:00,4456.08
Up,4457.568192172051,4456.1302093696595,2026-01-06 12:56:08.485050201,6.710209369659424,13.141417503356934,4453.3,2026-01-06 12:57:00,Up,3.880000000000109,14.0,4.268192172050476,0.09584335598433692,2.8302093696593147,0.8585824966430664,2026-01-06 12:43:00,4449.42
Down,4445.171777021885,4446.826268482208,2026-01-06 13:11:51.772327423,6.473731517791748,14.862872123718262,4448.72,2026-01-06 13:18:00,Down,4.579999999999927,21.0,3.5482229781155183,0.07975828953306834,1.8937315177918208,6.137127876281738,2026-01-06 12:57:00,4453.3
Up,4458.560249967575,4457.785360069275,2026-01-06 13:37:02.357711791,9.065360069274902,19.039295196533203,4464.65,2026-01-06 14:01:00,Up,15.929999999999382,43.0,6.08975003242449,0.13639927054583206,6.864639930724479,23.960704803466797,2026-01-06 13:18:00,4448.72
Down,4453.2350452333685,4455.31300201416,2026-01-06 14:15:18.256473541,9.336997985839844,14.304274559020996,4461.7,2026-01-06 14:04:00,Down,2.949999999999818,3.0,8.464954766631308,0.1897248754203848,6.386997985840026,11.304274559020996,2026-01-06 14:01:00,4464.65
Up,4469.808982825279,4473.644688796997,2026-01-07 13:53:28.681640625,11.94468879699707,1429.47802734375,4464.82,2026-01-06 14:18:00,Up,3.119999999999891,14.0,4.988982825278981,0.11173984226192728,8.82468879699718,1415.47802734375,2026-01-06 14:04:00,4461.7
Down,4454.198724633455,4449.902701683044,2026-01-06 14:34:55.447540283,14.917298316955566,16.92412567138672,4461.5,2026-01-06 14:20:00,Down,3.319999999999709,2.0,7.301275366545269,0.16365068623882706,11.597298316955857,14.924125671386719,2026-01-06 14:18:00,4464.82
Up,4479.173981964588,4485.03853225708,2026-01-08 12:07:47.519531250,23.538532257080078,2747.7919921875,4466.36,2026-01-06 14:30:00,Up,4.859999999999673,10.0,12.813981964588493,0.28689989084150164,18.678532257080406,2737.7919921875,2026-01-06 14:20:00,4461.5
Down,4459.607968633175,4460.457957611084,2026-01-06 14:41:09.935817718,5.902042388916016,11.165596961975098,4458.85,2026-01-06 14:41:00,Down,7.509999999999309,11.0,0.7579686331746416,0.01699919560367901,1.6079576110832932,0.16559696197509766,2026-01-06 14:30:00,4466.36
Up,4468.521835255623,4466.924276924134,2026-01-06 14:58:55.900955200,8.0742769241333,17.931682586669922,4465.14,2026-01-06 15:00:00,Up,6.289999999999964,19.0,3.3818352556227183,0.07573861638431757,1.7842769241333372,1.0683174133300781,2026-01-06 14:41:00,4458.85
Down,4457.468957902193,4455.776735916138,2026-01-06 15:14:55.981922149,9.363264083862305,14.933032035827637,4459.76,2026-01-06 15:02:00,Down,5.380000000000109,2.0,2.291042097806894,0.0513714212829142,3.9832640838621955,12.933032035827637,2026-01-06 15:00:00,4465.14
Up,4469.110569114685,4470.509674797058,2026-01-06 15:17:55.201606750,10.749674797058105,15.920026779174805,4470.45,2026-01-06 15:17:00,Up,10.6899999999996,15.0,1.3394308853148686,0.029961880466504907,0.059674797058505646,0.9200267791748047,2026-01-06 15:02:00,4459.76
Down,4460.5920612216,4457.319044303894,2026-01-06 15:33:40.015869140,13.130955696105957,16.66693115234375,4455.68,2026-01-06 15:31:00,Down,14.769999999999527,14.0,4.912061221599288,0.11024268398088032,1.63904430389357,2.66693115234375,2026-01-06 15:17:00,4470.45
Up,4468.944088745117,4477.616006546021,2026-01-06 15:55:32.805976867,21.936006546020508,24.54676628112793,4463.81,2026-01-06 15:46:00,Up,8.13000000000011,15.0,5.134088745116969,0.1150158439789545,13.806006546020399,9.54676628112793,2026-01-06 15:31:00,4455.68
Down,4453.047718909979,4446.971674499512,2026-01-06 16:00:11.680698394,16.83832550048828,14.19467830657959,4454.46,2026-01-06 15:50:00,Down,9.350000000000364,4.0,1.4122810900207696,0.03170487758383215,7.4883255004879175,10.19467830657959,2026-01-06 15:46:00,4463.81
Up,4466.796494293213,4463.630480728149,2026-01-06 16:05:16.804275512,9.170480728149414,15.280071258544922,4473.4,2026-01-06 16:16:00,Up,18.9399999999996,26.0,6.603505706786564,0.14761715265316236,9.769519271850186,10.719928741455078,2026-01-06 15:50:00,4454.46
Down,4462.580468010902,4460.980562591552,2026-01-06 16:30:05.999336242,12.419437408447266,14.09998893737793,4464.56,2026-01-06 16:20:00,Down,8.839999999999236,4.0,1.9795319890981773,0.044338792380395314,3.5794374084480296,10.09998893737793,2026-01-06 16:16:00,4473.4
Up,4473.792368745804,4475.139721450806,2026-01-06 16:35:06.183471679,10.579721450805664,15.103057861328125,4490.94,2026-01-06 17:00:00,Up,26.3799999999992,40.0,17.147631254195403,0.381827217780585,15.800278549193536,24.896942138671875,2026-01-06 16:20:00,4464.56
Down,4480.007912721633,4479.741774978637,2026-01-06 17:14:36.014041900,11.198225021362305,14.600234031677246,4473.98,2026-01-06 17:20:00,Down,16.960000000000036,20.0,6.027912721633584,0.13473267027643362,5.761774978637732,5.399765968322754,2026-01-06 17:00:00,4490.94
Up,4485.91934873104,4490.014252166748,2026-01-06 17:38:18.501091003,16.034252166748047,18.308351516723633,4482.0,2026-01-06 17:30:00,Up,8.020000000000437,10.0,3.9193487310403725,0.08744642416422072,8.01425216674761,8.308351516723633,2026-01-06 17:20:00,4473.98
Down,4469.545025110245,4472.741851806641,2026-01-06 17:42:40.709095001,9.258148193359375,12.678484916687012,4463.22,2026-01-06 17:37:00,Down,18.779999999999745,7.0,6.325025110244496,0.1417143925292613,9.52185180664037,5.678484916687012,2026-01-06 17:30:00,4482.0
Up,4475.919675343037,4478.275373191834,2026-01-06 17:52:51.608390808,15.055373191833496,15.860139846801758,4483.1,2026-01-06 18:01:00,Up,19.88000000000011,24.0,7.180324656963421,0.16016427599124314,4.824626808166613,8.139860153198242,2026-01-06 17:37:00,4463.22
Down,4470.957547575235,4468.242004013062,2026-01-06 18:17:44.349517822,14.857995986938477,16.739158630371094,4471.63,2026-01-06 18:06:00,Down,11.470000000000255,5.0,0.6724524247647423,0.015038194679898434,3.387995986938222,11.739158630371094,2026-01-06 18:01:00,4483.1
Up,4484.814168909788,4487.448888664246,2026-01-06 18:21:21.798191070,15.818888664245605,15.363303184509277,4488.93,2026-01-06 18:41:00,Up,17.300000000000182,35.0,4.115831090211941,0.09168846674401117,1.4811113357545764,19.636696815490723,2026-01-06 18:06:00,4471.63
Down,4477.087746684551,4471.843223266602,2026-01-06 18:54:35.302505493,17.086776733398438,13.588375091552734,4484.42,2026-01-06 18:50:00,Down,4.510000000000218,9.0,7.332253315448725,0.16350505339483642,12.57677673339822,4.588375091552734,2026-01-06 18:41:00,4488.93
Up,4495.644671213627,4498.808259887695,2026-01-06 19:07:17.430381774,14.388259887695312,17.29050636291504,4490.29,2026-01-06 19:17:00,Up,5.869999999999891,27.0,5.354671213626716,0.11925000865482442,8.518259887695422,9.709493637084961,2026-01-06 18:50:00,4484.42
Down,4482.136282193064,4482.229088821411,2026-01-06 19:28:52.793197631,8.060911178588867,11.879886627197266,4486.0,2026-01-06 19:28:00,Down,4.289999999999964,11.0,3.8637178069357105,0.0861283505781478,3.7709111785889036,0.8798866271972656,2026-01-06 19:17:00,4490.29
Up,4494.732306241989,4494.066617012024,2026-01-06 19:45:33.680534362,8.066617012023926,17.561342239379883,4489.86,2026-01-06 19:37:00,Up,3.8599999999996726,9.0,4.872306241989463,0.10851799926923031,4.206617012024253,8.561342239379883,2026-01-06 19:28:00,4486.0
Down,4482.900365030765,4482.571653232574,2026-01-06 19:52:03.395233154,7.288346767425537,15.056587219238281,4481.66,2026-01-06 19:44:00,Down,8.199999999999818,7.0,1.2403650307651333,0.027676464318246663,0.911653232574281,8.056587219238281,2026-01-06 19:37:00,4489.86
Up,4490.008810770511,4491.9246894454955,2026-01-06 20:02:20.407218933,10.264689445495605,18.340120315551758,4494.16,2026-01-06 20:19:00,Up,12.5,35.0,4.151189229488409,0.09236852336117116,2.2353105545043945,16.659879684448242,2026-01-06 19:44:00,4481.66
Down,4486.3464179944995,4485.7095414733885,2026-01-06 20:38:15.579872131,8.450458526611328,19.25966453552246,4482.32,2026-01-06 20:34:00,Down,11.840000000000146,15.0,4.026417994499752,0.08982888313417499,3.3895414733888174,4.259664535522461,2026-01-06 20:19:00,4494.16
Up,4493.117825164794,4495.3880103302,2026-01-06 20:54:32.736282348,13.068010330200195,20.545604705810547,4490.42,2026-01-06 20:51:00,Up,8.100000000000364,17.0,2.697825164794267,0.060079573064307286,4.9680103301998315,3.545604705810547,2026-01-06 20:34:00,4482.32
Down,4482.580802401304,4483.405459804535,2026-01-06 21:04:50.810108184,7.014540195465088,13.846835136413574,4477.44,2026-01-06 21:17:00,Down,12.980000000000473,26.0,5.140802401304427,0.11481566255057415,5.965459804535385,12.153164863586426,2026-01-06 20:51:00,4490.42
Up,4487.996555786132,4487.699112358093,2026-01-06 21:35:55.467681884,10.259112358093262,18.924461364746094,4484.7,2026-01-06 21:22:00,Up,7.260000000000218,5.0,3.296555786132558,0.0735067180888924,2.9991123580930434,13.924461364746094,2026-01-06 21:17:00,4477.44
Down,4475.639028507471,4476.547546577453,2026-01-06 21:38:13.876762390,8.152453422546387,16.231279373168945,4477.86,2026-01-06 21:32:00,Down,6.8400000000001455,10.0,2.220971492528406,0.049598948884699526,1.3124534225462412,6.231279373168945,2026-01-06 21:22:00,4484.7
Up,4486.126465659141,4486.389393196106,2026-01-06 21:48:28.149261474,8.529393196105957,16.469154357910156,4483.78,2026-01-06 21:46:00,Up,5.920000000000073,14.0,2.3464656591413586,0.05233231021908655,2.6093931961058843,2.4691543579101562,2026-01-06 21:32:00,4477.86
Down,4475.145019571781,4475.367336540222,2026-01-06 22:02:18.126296997,8.412663459777832,16.302104949951172,4479.24,2026-01-06 21:54:00,Down,4.539999999999964,8.0,4.09498042821906,0.09142132210417526,3.8726634597778684,8.302104949951172,2026-01-06 21:46:00,4483.78
Up,4486.949415807724,4486.067967643738,2026-01-06 22:09:19.776878356,6.827967643737793,15.329614639282227,4487.7,2026-01-06 22:21:00,Up,8.460000000000036,27.0,0.7505841922757099,0.016725364714123267,1.6320323562622434,11.670385360717773,2026-01-06 21:54:00,4479.24
Down,4481.204327130317,4480.547380161285,2026-01-06 22:37:20.556449890,7.1526198387146,16.342607498168945,4483.87,2026-01-06 22:31:00,Down,3.8299999999999272,10.0,2.6656728696825667,0.05945027107571287,3.3226198387146724,6.342607498168945,2026-01-06 22:21:00,4487.7
Up,4491.278432745933,4492.126544113159,2026-01-06 22:46:58.970890045,8.25654411315918,15.982848167419434,4496.94,2026-01-06 22:58:00,Up,13.069999999999709,27.0,5.66156725406654,0.12589821643309762,4.813455886840529,11.017151832580566,2026-01-06 22:31:00,4483.87
Down,4490.325881695747,4488.718082847595,2026-01-06 23:16:20.803871154,8.221917152404785,18.346731185913086,4491.99,2026-01-06 23:14:00,Down,4.949999999999818,16.0,1.664118304252952,0.03704634926286461,3.271917152404967,2.346731185913086,2026-01-06 22:58:00,4496.94
Up,4498.385855970382,4500.324274291992,2026-01-06 23:32:05.684509277,8.334274291992188,18.094741821289062,4497.45,2026-01-06 23:50:00,Up,5.460000000000036,36.0,0.935855970382363,0.0208085908766604,2.874274291992151,17.905258178710938,2026-01-06 23:14:00,4491.99
Down,4491.455979180336,4491.217476558685,2026-01-07 00:06:34.788208007,6.232523441314697,16.579803466796875,4493.89,2026-01-06 23:58:00,Down,3.5599999999994907,8.0,2.434020819664511,0.054162892720215905,2.6725234413152066,8.579803466796875,2026-01-06 23:50:00,4497.45
Up,4509.026583083868,4514.141192092896,2026-01-07 00:17:17.912521362,20.251192092895508,19.298542022705078,4499.34,2026-01-07 01:05:00,Up,5.449999999999818,67.0,9.686583083867845,0.21528897758044166,14.80119209289569,47.70145797729492,2026-01-06 23:58:00,4493.89
Down,4492.419842963219,4490.951399650574,2026-01-07 01:37:56.785583496,8.38860034942627,32.94642639160156,4494.78,2026-01-07 01:12:00,Down,4.5600000000004,7.0,2.3601570367809472,0.05250884441020356,3.8286003494258694,25.946426391601562,2026-01-07 01:05:00,4499.34
Up,4505.575691900253,4507.946038513183,2026-01-07 01:47:48.854827880,13.166038513183594,35.814247131347656,4500.59,2026-01-07 01:27:00,Up,5.8100000000004,15.0,4.985691900253187,0.11077862902982023,7.356038513183194,20.814247131347656,2026-01-07 01:12:00,4494.78
Down,4491.34670065701,4492.329846229553,2026-01-07 01:42:23.031520843,8.260153770446777,15.383858680725098,4492.12,2026-01-07 01:51:00,Down,8.470000000000255,24.0,0.773299342989958,0.01721457447686077,0.20984622955347731,8.616141319274902,2026-01-07 01:27:00,4500.59
Up,4504.3540886020655,4502.519770736694,2026-01-07 02:09:41.377944946,10.399770736694336,18.689632415771484,4496.36,2026-01-07 01:54:00,Up,4.239999999999782,3.0,7.994088602065858,0.17779022591753904,6.159770736694554,15.689632415771484,2026-01-07 01:51:00,4492.12
Down,4484.520389916896,4482.024628982544,2026-01-07 05:25:55.935974121,14.335371017456055,211.93226623535156,4490.35,2026-01-07 02:01:00,Down,6.009999999999309,7.0,5.829610083103944,0.12982529386582212,8.325371017456746,204.93226623535156,2026-01-07 01:54:00,4496.36
Up,4502.7098791956905,4500.753429985047,2026-01-07 02:20:01.120376586,10.403429985046387,19.018672943115234,4494.27,2026-01-07 02:12:00,Up,3.9200000000000728,11.0,8.439879195690082,0.18779199281952533,6.483429985046314,8.018672943115234,2026-01-07 02:01:00,4490.35
Down,4485.823763562441,4482.671222229004,2026-01-07 02:29:25.328750610,11.598777770996094,17.42214584350586,4489.68,2026-01-07 02:18:00,Down,4.5900000000001455,6.0,3.856236437559346,0.08589112002546609,7.008777770995948,11.42214584350586,2026-01-07 02:12:00,4494.27
Up,4500.002090206147,4501.788277320862,2026-01-07 02:34:27.013778686,12.108277320861816,16.45022964477539,4494.87,2026-01-07 02:36:00,Up,5.1899999999996,18.0,5.132090206147041,0.11417661036130168,6.918277320862217,1.5497703552246094,2026-01-07 02:18:00,4489.68
Down,4487.623431572914,4486.363674278259,2026-01-07 02:52:21.686553955,8.506325721740723,16.36144256591797,4482.63,2026-01-07 02:53:00,Down,12.239999999999782,17.0,4.993431572914233,0.11139513127146859,3.733674278259059,0.6385574340820312,2026-01-07 02:36:00,4494.87
Up,4494.655488080978,4492.316411857605,2026-01-07 03:09:26.828842163,9.68641185760498,16.447147369384766,4495.64,2026-01-07 03:00:00,Up,13.010000000000218,7.0,0.9845119190222249,0.021899260595203904,3.323588142395238,9.447147369384766,2026-01-07 02:53:00,4482.63
Down,4487.316326673031,4480.996637001038,2026-01-07 03:15:20.656871795,14.643362998962402,15.344281196594238,4469.1,2026-01-07 03:14:00,Down,26.539999999999964,14.0,18.21632667303038,0.40760615499833025,11.896637001037561,1.3442811965942383,2026-01-07 03:00:00,4495.64
Up,4485.541451919079,4482.72032032013,2026-01-07 03:31:22.891159057,13.620320320129395,17.381519317626953,4478.81,2026-01-07 03:26:00,Up,9.710000000000036,12.0,6.731451919078609,0.15029554544797855,3.910320320129358,5.381519317626953,2026-01-07 03:14:00,4469.1
Down,4465.303533066512,4465.9066529846195,2026-01-07 03:40:47.582988739,12.90334701538086,14.793049812316895,4459.71,2026-01-07 04:01:00,Down,19.100000000000364,35.0,5.593533066511554,0.12542369496024525,6.196652984619504,20.206950187683105,2026-01-07 03:26:00,4478.81
Up,4473.224259839058,4475.224797210693,2026-01-07 04:15:13.285160064,15.51479721069336,14.221419334411621,4475.7,2026-01-07 04:12:00,Up,15.989999999999782,11.0,2.475740160942223,0.05531514983002041,0.47520278930642235,3.221419334411621,2026-01-07 04:01:00,4459.71
Down,4462.834895771742,4462.472379875183,2026-01-07 04:25:50.710086822,13.227620124816895,13.845168113708496,4468.49,2026-01-07 04:25:00,Down,7.210000000000036,13.0,5.6551042282580966,0.12655515013479043,6.017620124816858,0.8451681137084961,2026-01-07 04:12:00,4475.7
Up,4478.7138331520555,4480.463526000976,2026-01-07 04:37:56.330165863,11.973526000976562,12.938836097717285,4478.54,2026-01-07 04:42:00,Up,10.050000000000182,17.0,0.17383315205552208,0.0038814692300509113,1.9235260009763806,4.061163902282715,2026-01-07 04:25:00,4468.49
Down,4469.819812682867,4469.989276924133,2026-01-07 04:58:49.573402404,8.5507230758667,16.826223373413086,4473.9,2026-01-07 04:45:00,Down,4.640000000000327,3.0,4.080187317132186,0.09119978804023751,3.910723075866372,13.826223373413086,2026-01-07 04:42:00,4478.54
Up,4483.38528188467,4484.282333755493,2026-01-07 04:58:20.974502563,10.382333755493164,13.34957504272461,4478.81,2026-01-07 04:55:00,Up,4.910000000000764,10.0,4.575281884669494,0.1021539624290714,5.4723337554924,3.3495750427246094,2026-01-07 04:45:00,4473.9
Down,4471.572504940629,4471.059552726746,2026-01-07 05:10:52.681846618,7.7504472732543945,15.878030776977539,4473.33,2026-01-07 05:03:00,Down,5.480000000000473,8.0,1.75749505937074,0.03928829438853695,2.2704472732539216,7.878030776977539,2026-01-07 04:55:00,4478.81
Up,4481.960320158005,4482.066563682556,2026-01-07 05:23:49.046173095,8.736563682556152,20.81743621826172,4477.1,2026-01-07 05:10:00,Up,3.7700000000004366,7.0,4.86032015800447,0.10855956217204149,4.966563682555716,13.817436218261719,2026-01-07 05:03:00,4473.33
Down,4468.821327704191,4468.518455123902,2026-01-07 05:25:37.102146148,8.581544876098633,15.618369102478027,4472.01,2026-01-07 05:14:00,Down,5.0900000000001455,4.0,3.1886722958088285,0.07130288831663677,3.4915448760984873,11.618369102478027,2026-01-07 05:10:00,4477.1
Up,4480.395210667849,4481.634614715576,2026-01-07 05:32:37.301559448,9.624614715576172,18.621692657470703,4480.33,2026-01-07 05:20:00,Up,8.319999999999709,6.0,0.06521066784898721,0.0014554880521967628,1.304614715576463,12.621692657470703,2026-01-07 05:14:00,4472.01
Down,4470.308471761346,4470.4699936676025,2026-01-07 05:36:48.146324157,9.860006332397461,16.802438735961914,4475.79,2026-01-07 05:33:00,Down,4.539999999999964,13.0,5.481528238654391,0.12247063062955123,5.320006332397497,3.802438735961914,2026-01-07 05:20:00,4480.33
Up,4484.75907209158,4484.591425933838,2026-01-07 05:53:21.469459533,8.80142593383789,20.357824325561523,4478.88,2026-01-07 05:41:00,Up,3.0900000000001455,8.0,5.879072091579474,0.13126210328429147,5.711425933837745,12.357824325561523,2026-01-07 05:33:00,4475.79
Down,4470.066514835357,4471.761756782532,2026-01-07 06:19:37.571411132,7.118243217468262,38.626190185546875,4462.1,2026-01-07 07:05:00,Down,16.779999999999745,84.0,7.966514835356975,0.17853734419571446,9.661756782531484,45.373809814453125,2026-01-07 05:41:00,4478.88
Up,4471.178874921799,4470.318914031983,2026-01-07 07:21:55.268440246,8.218914031982422,16.921140670776367,4470.37,2026-01-07 07:28:00,Up,8.269999999999527,23.0,0.8088749217995428,0.01809413810936327,0.05108596801710519,6.078859329223633,2026-01-07 07:05:00,4462.1
Down,4463.465089901686,4462.967334384918,2026-01-07 07:46:42.684059143,7.402665615081787,18.711400985717773,4443.4,2026-01-07 07:48:00,Down,26.970000000000255,20.0,20.065089901686406,0.45157064188878804,19.567334384918468,1.2885990142822266,2026-01-07 07:28:00,4470.37
Up,4454.456844186782,4453.456211471557,2026-01-07 08:05:37.664337158,10.056211471557617,17.62773895263672,4460.38,2026-01-07 08:21:00,Up,16.980000000000473,33.0,5.923155813217818,0.13279486979176253,6.923788528442856,15.372261047363281,2026-01-07 07:48:00,4443.4
Down,4450.495082932711,4448.280835037232,2026-01-07 08:38:54.259300231,12.099164962768555,17.904321670532227,4441.6,2026-01-07 08:46:00,Down,18.779999999999745,25.0,8.895082932710466,0.20026753720979973,6.680835037231191,7.095678329467773,2026-01-07 08:21:00,4460.38
Up,4450.772181701661,4450.994791603089,2026-01-07 09:00:52.556762695,9.394791603088379,14.875946044921875,4464.96,2026-01-07 09:50:00,Up,23.359999999999673,64.0,14.187818298339153,0.31775913554296464,13.965208396911294,49.124053955078125,2026-01-07 08:46:00,4441.6
Down,4453.729746894836,4454.711587867737,2026-01-07 10:04:53.863391876,10.248412132263184,14.897723197937012,4459.43,2026-01-07 10:07:00,Down,5.529999999999745,17.0,5.700253105163938,0.12782470192746467,4.718412132263438,2.1022768020629883,2026-01-07 09:50:00,4464.96
Up,4469.778232314587,4469.268484764099,2026-01-07 10:22:53.914031982,9.838484764099121,15.898567199707031,4468.62,2026-01-07 10:21:00,Up,9.1899999999996,14.0,1.1582323145867122,0.025919239375617353,0.6484847640995213,1.8985671997070312,2026-01-07 10:07:00,4459.43
Down,4461.528950432539,4459.4565993499755,2026-01-07 10:34:27.966670989,9.163400650024414,13.466111183166504,4463.76,2026-01-07 10:25:00,Down,4.859999999999673,4.0,2.231049567461014,0.04998139612033384,4.3034006500247415,9.466111183166504,2026-01-07 10:21:00,4468.62
Up,4473.728235025406,4474.83470703125,2026-01-07 10:39:55.574054718,11.07470703125,14.926234245300293,4474.69,2026-01-07 10:42:00,Up,10.929999999999382,17.0,0.9617649745932795,0.021493443670808025,0.14470703125061846,2.073765754699707,2026-01-07 10:25:00,4463.76
Down,4468.013924220204,4465.516724052429,2026-01-07 10:57:53.438301086,9.1732759475708,15.89063835144043,4459.44,2026-01-07 11:08:00,Down,15.25,26.0,8.57392422020439,0.1922645942137217,6.076724052429199,10.10936164855957,2026-01-07 10:42:00,4474.69
Up,4469.438458328246,4469.22817653656,2026-01-07 11:27:48.486900329,9.788176536560059,19.808115005493164,4467.27,2026-01-07 11:19:00,Up,7.830000000000837,11.0,2.1684583282458334,0.04854101785309223,1.9581765365592219,8.808115005493164,2026-01-07 11:08:00,4459.44
Down,4459.398791304231,4459.827019710541,2026-01-07 11:31:48.564491271,7.4429802894592285,12.809408187866211,4460.14,2026-01-07 11:46:00,Down,7.130000000000109,27.0,0.7412086957692736,0.016618507395939893,0.3129802894591194,14.190591812133789,2026-01-07 11:19:00,4467.27
Up,4467.744232106209,4467.907654418946,2026-01-07 12:01:46.890106201,7.7676544189453125,15.781501770019531,4465.65,2026-01-07 11:55:00,Up,5.509999999999309,9.0,2.094232106209347,0.04689646761858514,2.2576544189460037,6.781501770019531,2026-01-07 11:46:00,4460.14
Down,4458.944025295972,4456.531997108459,2026-01-07 12:11:45.837020874,9.118002891540527,16.76395034790039,4461.45,2026-01-07 12:01:00,Down,4.199999999999818,6.0,2.5059747040277216,0.05616951224439861,4.918002891540709,10.76395034790039,2026-01-07 11:55:00,4465.65
Up,4470.377039891481,4470.036092948913,2026-01-07 12:17:13.393592834,8.586092948913574,16.22322654724121,4466.65,2026-01-07 12:15:00,Up,5.199999999999818,14.0,3.7270398914815814,0.08344150294922552,3.386092948913756,2.223226547241211,2026-01-07 12:01:00,4461.45
Down,4458.797188878059,4457.773329162597,2026-01-07 12:31:42.285690307,8.876670837402344,16.704761505126953,4458.92,2026-01-07 12:29:00,Down,7.729999999999563,14.0,0.12281112194068555,0.0027542795551542872,1.1466708374027803,2.704761505126953,2026-01-07 12:15:00,4466.65
Up,4466.037383337021,4466.235734386444,2026-01-07 12:45:47.624816894,7.315734386444092,16.793746948242188,4467.77,2026-01-07 12:46:00,Up,8.850000000000364,17.0,1.732616662979126,0.03878034596631263,1.534265613556272,0.2062530517578125,2026-01-07 12:29:00,4458.92
Down,4460.378048936129,4460.405067462922,2026-01-07 13:00:29.640197753,7.364932537078857,14.494003295898438,4460.48,2026-01-07 13:16:00,Down,7.290000000000873,30.0,0.10195106387072883,0.002285652303580082,0.07493253707798431,15.505996704101562,2026-01-07 12:46:00,4467.77
Up,4467.278708114623,4468.492254714965,2026-01-07 13:30:38.227672576,8.01225471496582,14.637127876281738,4464.28,2026-01-07 13:19:00,Up,3.800000000000182,3.0,2.998708114623696,0.0671711477466399,4.212254714965638,11.637127876281738,2026-01-07 13:16:00,4460.48
Down,4456.632787082195,4453.162466316223,2026-01-07 13:34:59.663200378,11.117533683776855,15.994386672973633,4449.27,2026-01-07 13:47:00,Down,15.009999999999309,28.0,7.3627870821947,0.1654830361428886,3.8924663162224533,12.005613327026367,2026-01-07 13:19:00,4464.28
Up,4461.030963556767,4459.283794898987,2026-01-07 14:03:18.260078430,10.013794898986816,16.30433464050293,4454.72,2026-01-07 13:54:00,Up,5.449999999999818,7.0,6.310963556767092,0.14166914097332922,4.563794898986998,9.30433464050293,2026-01-07 13:47:00,4449.27
Down,4442.240996894837,4445.436366767884,2026-01-07 14:12:07.492332458,9.2836332321167,18.1248722076416,4439.37,2026-01-07 14:20:00,Down,15.350000000000364,26.0,2.870996894836935,0.06467126855470337,6.066366767883665,7.875127792358398,2026-01-07 13:54:00,4454.72
Up,4449.055677258968,4447.755836601257,2026-01-07 14:35:28.044033050,8.385836601257324,15.467400550842285,4455.1,2026-01-07 14:37:00,Up,15.730000000000473,17.0,6.044322741032374,0.13567198808180228,7.344163398743149,1.5325994491577148,2026-01-07 14:20:00,4439.37
Down,4443.707072210313,4442.8673616409305,2026-01-07 14:54:07.067871093,12.232638359069824,17.1177978515625,4427.38,2026-01-07 15:10:00,Down,27.720000000000255,33.0,16.327072210312508,0.3687750364846141,15.48736164093043,15.8822021484375,2026-01-07 14:37:00,4455.1
Up,4439.084156265259,4440.261167411804,2026-01-07 15:22:11.983795166,12.8811674118042,12.199729919433594,4447.14,2026-01-07 15:28:00,Up,19.76000000000022,18.0,8.055843734741757,0.18114661860750406,6.878832588196019,5.800270080566406,2026-01-07 15:10:00,4427.38
Down,4431.3654073297985,4432.8626839065555,2026-01-07 15:45:23.938293457,14.277316093444824,17.398971557617188,4438.2,2026-01-07 15:38:00,Down,8.94000000000051,10.0,6.834592670201346,0.15399469762970003,5.337316093444315,7.3989715576171875,2026-01-07 15:28:00,4447.14
Up,4453.383384847641,4450.916881752014,2026-01-07 15:52:21.273536682,12.71688175201416,14.354558944702148,4454.3,2026-01-07 16:04:00,Up,16.100000000000364,26.0,0.9166151523595545,0.020578208750186438,3.3831182479862036,11.645441055297852,2026-01-07 15:38:00,4438.2
Down,4443.673483806849,4440.842127609253,2026-01-07 16:18:52.477397918,13.45787239074707,14.87462329864502,4440.99,2026-01-07 16:30:00,Down,13.3100000000004,26.0,2.683483806848926,0.060425351258366414,0.14787239074667013,11.12537670135498,2026-01-07 16:04:00,4454.3
Up,4454.18865246892,4454.1182482147215,2026-01-07 16:46:15.899162292,13.12824821472168,16.264986038208008,4452.3,2026-01-07 16:35:00,Up,11.3100000000004,5.0,1.8886524689196449,0.0424197037243592,1.8182482147212795,11.264986038208008,2026-01-07 16:30:00,4440.99
Down,4437.90246039033,4438.770856666565,2026-01-07 16:50:26.894016265,13.529143333435059,15.448233604431152,4435.67,2026-01-07 16:38:00,Down,16.63000000000011,3.0,2.232460390329834,0.05032972223654676,3.1008566665650505,12.448233604431152,2026-01-07 16:35:00,4452.3
Up,4449.801460279226,4450.141138000488,2026-01-07 16:52:31.826477050,14.471138000488281,14.530441284179688,4453.03,2026-01-07 16:56:00,Up,17.359999999999673,18.0,3.2285397207733695,0.07250208780927525,2.8888619995113913,3.4695587158203125,2026-01-07 16:38:00,4435.67
Down,4437.300870040059,4436.798669128418,2026-01-07 17:13:47.307357788,16.23133087158203,17.788455963134766,4423.5,2026-01-07 17:18:00,Down,29.529999999999745,22.0,13.800870040058726,0.31198982796560926,13.298669128417714,4.211544036865234,2026-01-07 16:56:00,4453.03
Up,4436.789049088955,4440.428283691406,2026-01-07 17:37:55.877380371,16.92828369140625,19.931289672851562,4452.09,2026-01-07 17:37:00,Up,28.590000000000146,19.0,15.30095091104522,0.3436801796694411,11.661716308593896,0.9312896728515625,2026-01-07 17:18:00,4423.5
Down,4440.053828675151,4442.076262321472,2026-01-07 17:52:02.369499206,10.013737678527832,15.039491653442383,4440.67,2026-01-07 17:47:00,Down,11.420000000000073,10.0,0.616171324849347,0.013875638695272268,1.4062623214722407,5.039491653442383,2026-01-07 17:37:00,4452.09
Up,4452.947128534317,4454.079851074219,2026-01-07 18:02:22.395915985,13.40985107421875,15.373265266418457,4468.37,2026-01-07 18:49:00,Up,27.699999999999818,62.0,15.422871465682874,0.3451565440123104,14.290148925781068,46.62673473358154,2026-01-07 17:47:00,4440.67
Down,4458.339801056385,4455.261328811645,2026-01-07 19:04:01.460094451,13.108671188354492,15.024334907531738,4447.21,2026-01-07 20:18:00,Down,21.159999999999854,89.0,11.129801056385077,0.25026479649904265,8.051328811645362,73.97566509246826,2026-01-07 18:49:00,4468.37
Up,4459.27936631918,4456.035305938721,2026-01-07 20:34:51.320228576,8.825305938720703,16.855337142944336,4458.83,2026-01-07 20:39:00,Up,11.61999999999989,21.0,0.4493663191797168,0.010078121820740348,2.7946940612791877,4.144662857055664,2026-01-07 20:18:00,4447.21
Down,4450.444786068797,4448.00271232605,2026-01-07 20:54:20.217876434,10.827287673950195,15.33696460723877,4449.98,2026-01-07 20:51:00,Down,8.850000000000364,12.0,0.46478606879736617,0.010444677701863069,1.9772876739498315,3.3369646072387695,2026-01-07 20:39:00,4458.83
Up,4459.875554413795,4460.303657035827,2026-01-07 21:08:29.441413879,10.323657035827637,17.490690231323242,4455.38,2026-01-07 21:07:00,Up,5.400000000000546,16.0,4.495554413794707,0.10090170566359564,4.923657035827091,1.4906902313232422,2026-01-07 20:51:00,4449.98
Down,4448.710161328316,4441.38950050354,2026-01-07 21:23:47.404632568,13.990499496459961,16.790077209472656,4445.44,2026-01-07 21:17:00,Down,9.94000000000051,10.0,3.270161328316135,0.07356215196507288,4.050499496459452,6.790077209472656,2026-01-07 21:07:00,4455.38
Up,4458.101802520751,4456.338551940918,2026-01-07 21:36:02.454528808,10.898551940917969,19.040908813476562,4457.31,2026-01-07 21:32:00,Up,11.8700000000008,15.0,0.7918025207509345,0.01776413399002839,0.9714480590828316,4.0409088134765625,2026-01-07 21:17:00,4445.44
Down,4448.863085199595,4447.1202216720585,2026-01-07 21:49:55.513916015,10.189778327941895,17.92523193359375,4452.12,2026-01-07 21:48:00,Down,5.190000000000509,16.0,3.2569148004049566,0.07315424562691385,4.999778327941385,1.92523193359375,2026-01-07 21:32:00,4457.31
Up,4460.265706386566,4464.264022941589,2026-01-07 22:05:21.715164184,12.144022941589355,17.361919403076172,4459.49,2026-01-07 22:05:00,Up,7.369999999999891,17.0,0.7757063865665259,0.017394508936369988,4.774022941589465,0.3619194030761719,2026-01-07 21:48:00,4452.12
Down,4452.599502835869,4452.363407363891,2026-01-07 22:21:58.629684448,7.126592636108398,16.977161407470703,4455.44,2026-01-07 22:10:00,Down,4.050000000000182,5.0,2.8404971641302836,0.06375346013256343,3.0765926361082165,11.977161407470703,2026-01-07 22:05:00,4459.49
Up,4463.358083610534,4463.313488903045,2026-01-07 22:25:08.039188385,7.873488903045654,15.133986473083496,4461.67,2026-01-07 22:18:00,Up,6.230000000000473,8.0,1.6880836105337949,0.037835241300539814,1.6434889030451814,7.133986473083496,2026-01-07 22:10:00,4455.44
Down,4453.930989030004,4454.376583976746,2026-01-07 22:32:02.650508880,7.2934160232543945,14.044175148010254,4455.94,2026-01-07 22:28:00,Down,5.730000000000473,10.0,2.0090109699958703,0.045086131545664224,1.5634160232539216,4.044175148010254,2026-01-07 22:18:00,4461.67
Up,4463.834537482261,4462.869544925689,2026-01-07 22:45:50.442352294,6.929544925689697,17.84070587158203,4460.37,2026-01-07 22:33:00,Up,4.430000000000291,5.0,3.464537482261221,0.07767376881875766,2.4995449256894062,12.840705871582031,2026-01-07 22:28:00,4455.94
Down,4453.086267294288,4452.888136978149,2026-01-07 22:47:26.699581146,7.481863021850586,14.444993019104004,4449.85,2026-01-07 23:00:00,Down,10.519999999999527,27.0,3.236267294287245,0.0727275592275525,3.038136978148941,12.555006980895996,2026-01-07 22:33:00,4460.37
Up,4460.599311494828,4460.892894363404,2026-01-07 23:16:01.099548339,11.04289436340332,16.018325805664062,4455.15,2026-01-07 23:20:00,Up,5.299999999999272,20.0,5.44931149482818,0.12231488266002673,5.742894363404048,3.9816741943359375,2026-01-07 23:00:00,4449.85
Down,4444.409660428762,4443.655416870117,2026-01-07 23:36:45.715255737,11.494583129882812,16.761920928955078,4451.9,2026-01-07 23:29:00,Down,3.25,9.0,7.4903395712372,0.16825040030632316,8.244583129882812,7.761920928955078,2026-01-07 23:20:00,4455.15
Up,4459.476385068893,4459.206891441345,2026-01-07 23:45:12.705001831,7.306891441345215,16.211750030517578,4454.31,2026-01-07 23:42:00,Up,2.410000000000764,13.0,5.1663850688928505,0.1159862036744827,4.896891441344451,3.211750030517578,2026-01-07 23:29:00,4451.9
Down,4446.667918081284,4447.305022296906,2026-01-08 23:16:18.618164062,7.004977703094482,1414.310302734375,4452.72,2026-01-07 23:50:00,Down,1.5900000000001455,8.0,6.052081918715885,0.1359187624354526,5.414977703094337,1406.310302734375,2026-01-07 23:42:00,4454.31
Up,4465.1965853405,4462.869693489075,2026-01-08 00:26:16.684112548,10.149693489074707,36.27806854248047,4463.96,2026-01-08 01:27:00,Up,11.239999999999782,97.0,1.2365853404999143,0.027701532731026133,1.0903065109250747,60.72193145751953,2026-01-07 23:50:00,4452.72
Down,4455.377025227547,4447.691523513794,2026-01-08 01:54:07.102661132,16.268476486206055,27.118377685546875,4459.8,2026-01-08 01:31:00,Down,4.1599999999998545,4.0,4.422974772453017,0.09917428522474141,12.1084764862062,23.118377685546875,2026-01-08 01:27:00,4463.96
Up,4471.141149044037,4475.747099685669,2026-01-08 02:18:29.608612060,15.947099685668945,47.49347686767578,4463.03,2026-01-08 01:46:00,Up,3.2299999999995634,15.0,8.11114904403712,0.18174085865515402,12.717099685669382,32.49347686767578,2026-01-08 01:31:00,4459.8
Down,4456.016187399626,4455.977798728943,2026-01-08 02:00:10.399417877,7.052201271057129,14.173323631286621,4459.99,2026-01-08 01:47:00,Down,3.0399999999999636,1.0,3.9738126003740035,0.08909913700196646,4.012201271057165,13.173323631286621,2026-01-08 01:46:00,4463.03
Up,4475.904545139074,4475.37533782959,2026-01-08 01:58:27.890510559,15.385337829589844,11.464841842651367,4466.46,2026-01-08 02:16:00,Up,6.470000000000255,29.0,9.444545139073853,0.21145482415769654,8.915337829589589,17.535158157348633,2026-01-08 01:47:00,4459.99
Down,4458.517539961338,4461.048453769684,2026-01-08 02:29:49.759540557,5.411546230316162,13.829325675964355,4446.79,2026-01-08 02:50:00,Down,19.670000000000073,34.0,11.727539961338152,0.26373046537700573,14.25845376968391,20.170674324035645,2026-01-08 02:16:00,4466.46
Up,4457.593411030769,4461.181508102417,2026-01-08 03:08:20.291519165,14.391508102416992,18.338191986083984,4452.47,2026-01-08 02:58:00,Up,5.680000000000291,8.0,5.123411030768693,0.11506896241341756,8.711508102416701,10.338191986083984,2026-01-08 02:50:00,4446.79
Down,4439.599483366609,4441.179418296814,2026-01-08 03:13:10.257396697,11.290581703186035,15.1709566116333,4444.59,2026-01-08 03:00:00,Down,7.880000000000109,2.0,4.990516633391053,0.11228294698478493,3.410581703185926,13.1709566116333,2026-01-08 02:58:00,4452.47
Up,4453.880681558848,4459.520546760559,2026-01-08 03:15:18.716354370,14.930546760559082,15.311939239501953,4460.44,2026-01-08 03:11:00,Up,15.849999999999454,11.0,6.559318441151845,0.14705541249634219,0.9194532394403723,4.311939239501953,2026-01-08 03:00:00,4444.59
Down,4448.248588943481,4443.7850489044185,2026-01-08 03:27:00.963592529,16.654951095581055,16.01605987548828,4454.91,2026-01-08 03:18:00,Down,5.529999999999745,7.0,6.661411056518773,0.1495296438428335,11.12495109558131,9.016059875488281,2026-01-08 03:11:00,4460.44
Up,4470.723040752411,4471.566593322754,2026-01-08 03:36:35.095252990,16.656593322753906,18.58492088317871,4460.39,2026-01-08 03:23:00,Up,5.480000000000473,5.0,10.333040752410852,0.231662270617835,11.176593322753433,13.584920883178711,2026-01-08 03:18:00,4454.91
Down,4450.993977240324,4450.020102157593,2026-01-08 03:38:15.673999786,10.369897842407227,15.26123332977295,4442.02,2026-01-08 03:55:00,Down,18.36999999999989,32.0,8.97397724032362,0.20202469237697307,8.000102157592664,16.73876667022705,2026-01-08 03:23:00,4460.39
Up,4454.056217999459,4453.788528938294,2026-01-08 04:10:35.959854125,11.768528938293457,15.59933090209961,4449.67,2026-01-08 04:01:00,Up,7.649999999999636,6.0,4.386217999458495,0.0985740065995567,4.118528938293821,9.59933090209961,2026-01-08 03:55:00,4442.02
Down,4436.352457941174,4438.435645980835,2026-01-08 04:17:50.694236755,11.234354019165039,16.84490394592285,4433.65,2026-01-08 04:37:00,Down,16.020000000000437,36.0,2.7024579411745435,0.06095334411093667,4.7856459808353975,19.15509605407715,2026-01-08 04:01:00,4449.67
Up,4445.206358009576,4443.632660293579,2026-01-08 04:52:06.953887939,9.982660293579102,15.115898132324219,4445.73,2026-01-08 05:12:00,Up,12.079999999999927,35.0,0.5236419904231298,0.011778537842449492,2.0973397064208257,19.88410186767578,2026-01-08 04:37:00,4433.65
Down,4435.007070153952,4434.861814956665,2026-01-08 05:30:24.710540771,10.868185043334961,18.411842346191406,4437.39,2026-01-08 05:17:00,Down,8.339999999999236,5.0,2.3829298460486825,0.053701158700242314,2.528185043335725,13.411842346191406,2026-01-08 05:12:00,4445.73
Up,4447.129015971423,4445.895395889283,2026-01-08 05:34:10.133399963,8.505395889282227,17.16888999938965,4446.45,2026-01-08 05:31:00,Up,9.05999999999949,14.0,0.6790159714228139,0.015270968332553248,0.5546041107172641,3.1688899993896484,2026-01-08 05:17:00,4437.39
Down,4438.41431851387,4434.980324935913,2026-01-08 05:47:18.679618835,11.469675064086914,16.31132698059082,4440.1,2026-01-08 05:39:00,Down,6.349999999999454,8.0,1.6856814861303064,0.037964944170858904,5.11967506408746,8.31132698059082,2026-01-08 05:31:00,4446.45
Up,4449.663942778111,4450.0240818023685,2026-01-08 05:58:09.118194580,9.924081802368164,19.15196990966797,4442.88,2026-01-08 05:48:00,Up,2.7799999999997453,9.0,6.783942778110941,0.1526924602535054,7.144081802368419,10.151969909667969,2026-01-08 05:39:00,4440.1
Down,4434.4490439605715,4435.667358283997,2026-01-09 00:32:43.227539062,7.212641716003418,1124.720458984375,4436.69,2026-01-08 06:07:00,Down,6.190000000000509,19.0,2.240956039428056,0.05050963757729425,1.0226417160029087,1105.720458984375,2026-01-08 05:48:00,4442.88
Up,4444.0828895974155,4446.341677131652,2026-01-08 06:23:35.202827453,9.651677131652832,16.586713790893555,4440.54,2026-01-08 06:19:00,Up,3.850000000000364,12.0,3.542889597415524,0.07978510715848802,5.801677131652468,4.586713790893555,2026-01-08 06:07:00,4436.69
Down,4433.603879535198,4434.469255485535,2026-01-08 06:32:44.271469116,6.070744514465332,13.737857818603516,4423.14,2026-01-08 07:16:00,Down,17.399999999999636,57.0,10.46387953519752,0.23657129403992458,11.329255485534304,43.262142181396484,2026-01-08 06:19:00,4440.54
Up,4432.1517318320275,4431.964767112732,2026-01-08 07:31:02.041397094,8.824767112731934,15.03402328491211,4429.7,2026-01-08 07:23:00,Up,6.559999999999491,7.0,2.45173183202769,0.05534758182332189,2.264767112732443,8.03402328491211,2026-01-08 07:16:00,4423.14
Down,4417.78825519681,4420.236413192749,2026-01-08 07:42:14.471168518,9.463586807250977,19.241186141967773,4415.75,2026-01-08 07:44:00,Down,13.949999999999818,21.0,2.0382551968095868,0.046158754386221745,4.4864131927488415,1.7588138580322266,2026-01-08 07:23:00,4429.7
Up,4427.141261816025,4428.673913002014,2026-01-08 07:59:10.483875274,12.92391300201416,15.174731254577637,4429.28,2026-01-08 08:00:00,Up,13.529999999999745,16.0,2.138738183974965,0.048286362207287985,0.6060869979855852,0.8252687454223633,2026-01-08 07:44:00,4415.75
Down,4415.567809972763,4416.555610923767,2026-01-08 08:17:30.055732727,12.72438907623291,17.50092887878418,4416.04,2026-01-08 08:06:00,Down,13.239999999999782,6.0,0.4721900272370476,0.010692612096743862,0.5156109237668716,11.50092887878418,2026-01-08 08:00:00,4429.28
Up,4429.496680116654,4431.11151889801,2026-01-08 08:20:21.054439544,15.071518898010254,14.350907325744629,4437.84,2026-01-08 08:39:00,Up,21.800000000000182,33.0,8.34331988334634,0.18800407142543082,6.728481101989928,18.64909267425537,2026-01-08 08:06:00,4416.04
Down,4426.470314068794,4423.269636955261,2026-01-08 08:54:21.154804229,14.57036304473877,15.352580070495605,4430.14,2026-01-08 08:47:00,Down,7.699999999999818,8.0,3.669685931206004,0.08283453640756283,6.870363044738951,7.3525800704956055,2026-01-08 08:39:00,4437.84
Up,4440.582394998074,4443.433899536133,2026-01-08 09:04:09.443092346,13.293899536132812,17.157384872436523,4436.09,2026-01-08 09:01:00,Up,5.949999999999818,14.0,4.492394998073905,0.10126924832620406,7.343899536132994,3.1573848724365234,2026-01-08 08:47:00,4430.14
Down,4426.511955337524,4423.874645080567,2026-01-08 09:15:57.458267211,12.215354919433594,14.957637786865234,4432.16,2026-01-08 09:02:00,Down,3.930000000000291,1.0,5.648044662475513,0.1274332303543986,8.285354919433303,13.957637786865234,2026-01-08 09:01:00,4436.09
Up,4441.771827697754,4442.766778144836,2026-01-08 13:29:42.183837890,10.606778144836426,267.70306396484375,4439.69,2026-01-08 09:11:00,Up,7.529999999999745,9.0,2.0818276977543064,0.046891285151762996,3.0767781448366804,258.70306396484375,2026-01-08 09:02:00,4432.16
Down,4431.608052894473,4430.208342971801,2026-01-08 09:26:35.391368865,9.481657028198242,15.589856147766113,4430.76,2026-01-08 09:26:00,Down,8.929999999999382,15.0,0.8480528944728576,0.019140122563010807,0.5516570281988606,0.5898561477661133,2026-01-08 09:11:00,4439.69
Up,4440.865816254616,4441.05083442688,2026-01-08 09:45:11.530036926,10.290834426879883,19.192167282104492,4437.01,2026-01-08 09:29:00,Up,6.25,3.0,3.855816254616002,0.08690122976094265,4.040834426879883,16.192167282104492,2026-01-08 09:26:00,4430.76
Down,4427.995398122072,4428.649659881592,2026-01-08 09:45:25.294418334,8.360340118408203,16.421573638916016,4428.42,2026-01-08 09:49:00,Down,8.590000000000146,20.0,0.424601877927671,0.009588112191880422,0.2296598815919424,3.5784263610839844,2026-01-08 09:29:00,4437.01
Up,4436.793689417839,4438.974313659668,2026-01-08 10:05:40.862960815,10.554313659667969,16.681049346923828,4433.92,2026-01-08 09:56:00,Up,5.5,7.0,2.8736894178391594,0.06481148549904281,5.054313659667969,9.681049346923828,2026-01-08 09:49:00,4428.42
Down,4425.250750122071,4423.891465110779,2026-01-08 10:15:46.494827270,10.028534889221191,19.774913787841797,4425.69,2026-01-08 10:05:00,Down,8.230000000000473,9.0,0.43924987792888714,0.00992500328601613,1.7985348892207185,10.774913787841797,2026-01-08 09:56:00,4433.92
Up,4432.930554041862,4436.549755516052,2026-01-08 10:21:29.988441467,10.859755516052246,16.499807357788086,4433.26,2026-01-08 10:11:00,Up,7.5700000000006185,6.0,0.3294459581384217,0.007431234760389006,3.2897555160516276,10.499807357788086,2026-01-08 10:05:00,4425.69
Down,4425.585593818427,4424.638542900086,2026-01-08 10:27:13.625679016,8.62145709991455,16.227094650268555,4419.96,2026-01-08 10:43:00,Down,13.300000000000182,32.0,5.625593818426751,0.12727703007327557,4.678542900085631,15.772905349731445,2026-01-08 10:11:00,4433.26
Up,4429.830423159599,4429.924735984802,2026-01-08 10:58:33.058662414,9.964735984802246,15.55097770690918,4435.47,2026-01-08 11:01:00,Up,15.510000000000218,18.0,5.639576840400878,0.12714722093489253,5.545264015197972,2.4490222930908203,2026-01-08 10:43:00,4419.96
Down,4425.361636642814,4422.382603378296,2026-01-08 11:17:50.483436584,13.087396621704102,16.84139060974121,4426.09,2026-01-08 11:20:00,Down,9.38000000000011,19.0,0.7283633571860264,0.01645613526128087,3.7073966217039924,2.158609390258789,2026-01-08 11:01:00,4435.47
Up,4437.269974199534,4435.165205802918,2026-01-08 11:35:40.895690917,9.07520580291748,15.681594848632812,4434.83,2026-01-08 11:34:00,Up,8.739999999999782,14.0,2.4399741995339355,0.05501843812578916,0.33520580291769875,1.6815948486328125,2026-01-08 11:20:00,4426.09
Down,4427.375182963609,4425.310311393738,2026-01-08 11:49:45.619812011,9.519688606262207,15.760330200195312,4429.12,2026-01-08 11:48:00,Down,5.710000000000036,14.0,1.7448170363904865,0.03939421457062546,3.8096886062621707,1.7603302001953125,2026-01-08 11:34:00,4434.83
Up,4435.888860626221,4436.746598358154,2026-01-08 12:02:56.241703033,7.626598358154297,14.937361717224121,4433.43,2026-01-08 11:56:00,Up,4.3100000000004,8.0,2.458860626220485,0.0554618123263587,3.3165983581538967,6.937361717224121,2026-01-08 11:48:00,4429.12
Down,4427.07656463325,4426.414794139862,2026-01-08 12:11:34.453697204,7.0152058601379395,15.574228286743164,4423.08,2026-01-08 12:20:00,Down,10.350000000000364,24.0,3.996564633250273,0.0903570505903188,3.3347941398624243,8.425771713256836,2026-01-08 11:56:00,4433.43
Up,4431.352901201248,4431.858594970703,2026-01-08 12:35:57.255477905,8.778594970703125,15.95425796508789,4434.76,2026-01-08 12:42:00,Up,11.680000000000291,22.0,3.407098798752486,0.07682712928664653,2.901405029297166,6.045742034912109,2026-01-08 12:20:00,4423.08
Down,4424.711143493652,4424.880986938477,2026-01-08 13:00:11.478195190,9.879013061523438,18.191303253173828,4429.99,2026-01-08 12:56:00,Down,4.770000000000437,14.0,5.278856506347438,0.1191618154069747,5.109013061523001,4.191303253173828,2026-01-08 12:42:00,4434.76
Up,4435.588345278501,4438.008032073974,2026-01-08 13:12:02.435646057,8.01803207397461,16.04059410095215,4433.91,2026-01-08 12:59:00,Up,3.9200000000000728,3.0,1.6783452785011832,0.03785248862744583,4.098032073974537,13.040594100952148,2026-01-08 12:56:00,4429.99
Down,4427.211782074571,4426.4835907554625,2026-01-08 13:20:20.077857971,7.4264092445373535,21.334630966186523,4424.8,2026-01-08 13:25:00,Down,9.109999999999673,26.0,2.4117820745705103,0.054506013256429904,1.683590755462319,4.665369033813477,2026-01-08 12:59:00,4433.91
Up,4435.099521064759,4432.273785400391,2026-01-08 13:42:11.995239257,7.473785400390625,17.199920654296875,4428.1,2026-01-08 13:40:00,Up,3.300000000000182,15.0,6.999521064758483,0.15807052832498097,4.173785400390443,2.199920654296875,2026-01-08 13:25:00,4424.8
Down,4417.611210083962,4417.94858417511,2026-01-08 13:56:28.424491882,10.151415824890137,16.47374153137207,4407.76,2026-01-08 14:16:00,Down,20.340000000000146,36.0,9.851210083961632,0.22349697088683668,10.188584175110009,19.52625846862793,2026-01-08 13:40:00,4428.1
Up,4416.345261182785,4417.762228736878,2026-01-08 14:31:25.060157775,10.002228736877441,15.417669296264648,4431.4,2026-01-08 14:44:00,Up,23.639999999999418,28.0,15.054738817214457,0.33972872720166214,13.637771263121977,12.582330703735352,2026-01-08 14:16:00,4407.76
Down,4417.389909243583,4419.409351730346,2026-01-08 15:00:28.486404418,11.99064826965332,16.474773406982422,4417.4,2026-01-08 15:10:00,Down,14.0,26.0,0.0100907564165027,0.0002284320282632929,2.0093517303466797,9.525226593017578,2026-01-08 14:44:00,4431.4
Up,4429.7986819982525,4429.6093276977535,2026-01-08 15:25:11.251373291,12.209327697753906,15.187522888183594,4436.63,2026-01-08 15:25:00,Up,19.230000000000473,15.0,6.831318001747604,0.15397538225517127,7.020672302246567,0.18752288818359375,2026-01-08 15:10:00,4417.4
Down,4427.113462583423,4424.684369926453,2026-01-08 15:40:48.742618560,11.945630073547363,15.812376976013184,4425.86,2026-01-08 15:33:00,Down,10.770000000000437,8.0,1.253462583423243,0.028321333784241776,1.1756300735469267,7.812376976013184,2026-01-08 15:25:00,4436.63
Up,4441.886487751007,4440.181517944336,2026-01-08 15:46:01.742706298,14.321517944335938,13.029045104980469,4435.55,2026-01-08 15:44:00,Up,9.69000000000051,11.0,6.3364877510066435,0.14285686670213713,4.631517944335428,2.0290451049804688,2026-01-08 15:33:00,4425.86
Down,4424.274219352007,4423.993283081055,2026-01-08 15:59:19.755134582,11.556716918945312,15.329252243041992,4419.23,2026-01-08 16:08:00,Down,16.32000000000062,24.0,5.044219352007531,0.11414249432610503,4.763283081055306,8.670747756958008,2026-01-08 15:44:00,4435.55
Up,4431.96623758316,4433.027214508056,2026-01-08 16:23:44.981002807,13.79721450805664,15.749683380126953,4439.32,2026-01-08 16:50:00,Up,20.090000000000146,42.0,7.353762416839345,0.16565064957784853,6.292785491943505,26.250316619873047,2026-01-08 16:08:00,4419.23
Down,4428.057656047344,4427.457647628784,2026-01-08 17:05:58.368129730,11.86235237121582,15.97280216217041,4427.78,2026-01-08 17:01:00,Down,11.539999999999964,11.0,0.2776560473439531,0.006270773329839177,0.3223523712158567,4.97280216217041,2026-01-08 16:50:00,4439.32
Up,4439.174848184585,4440.675621299743,2026-01-08 17:17:32.383804321,12.895621299743652,16.539730072021484,4453.98,2026-01-08 17:17:00,Up,26.199999999999818,16.0,14.80515181541432,0.33240274575580314,13.304378700256166,0.5397300720214844,2026-01-08 17:01:00,4427.78
Down,4440.272579809427,4437.451187591552,2026-01-08 17:32:29.693355560,16.528812408447266,15.494889259338379,4443.45,2026-01-08 17:26:00,Down,10.529999999999745,9.0,3.177420190572775,0.07150795419263804,5.99881240844752,6.494889259338379,2026-01-08 17:17:00,4453.98
Up,4458.698488801718,4455.4078170776365,2026-01-08 17:43:28.671340942,11.957817077636719,17.477855682373047,4456.42,2026-01-08 17:50:00,Up,12.970000000000255,24.0,2.2784888017176854,0.051128233014789574,1.012182922363536,6.522144317626953,2026-01-08 17:26:00,4443.45
Down,4442.695242483616,4440.406671447754,2026-01-08 18:08:08.906021118,16.013328552246094,18.148433685302734,4447.76,2026-01-08 17:55:00,Down,8.659999999999854,5.0,5.0647575163839065,0.1138720955353685,7.353328552246239,13.148433685302734,2026-01-08 17:50:00,4456.42
Up,4458.0838028240205,4458.905387649536,2026-01-08 18:11:30.580215454,11.145387649536133,16.50967025756836,4458.0,2026-01-08 18:02:00,Up,10.239999999999782,7.0,0.08380282402049488,0.0018798300587818504,0.9053876495363511,9.50967025756836,2026-01-08 17:55:00,4447.76
Down,4445.653701782227,4443.8053855896,2026-01-08 18:17:39.588546752,14.19461441040039,15.659809112548828,4447.0,2026-01-08 18:15:00,Down,11.0,13.0,1.3462982177734375,0.03027430217615106,3.1946144104003906,2.659809112548828,2026-01-08 18:02:00,4458.0
Up,4459.727210044861,4459.457624435425,2026-01-08 18:32:52.243537902,12.457624435424805,17.870725631713867,4464.61,2026-01-08 18:42:00,Up,17.609999999999673,27.0,4.882789955138833,0.10936655060887364,5.152375564574868,9.129274368286133,2026-01-08 18:15:00,4447.0
Down,4451.500283403397,4450.546533927917,2026-01-08 18:58:31.531219482,14.06346607208252,16.52552032470703,4457.87,2026-01-08 18:48:00,Down,6.739999999999782,6.0,6.369716596603212,0.14288699752579623,7.323466072082738,10.525520324707031,2026-01-08 18:42:00,4464.61
Up,4466.1325106287,4467.575642700195,2026-01-08 19:03:11.640071868,9.705642700195312,15.194001197814941,4465.36,2026-01-08 19:02:00,Up,7.489999999999782,14.0,0.7725106287007293,0.017300074992850058,2.215642700195531,1.1940011978149414,2026-01-08 18:48:00,4457.87
Down,4457.745537371635,4455.503518447876,2026-01-08 19:17:58.881168365,9.856481552124023,15.981352806091309,4457.66,2026-01-08 19:17:00,Down,7.699999999999818,15.0,0.0855373716349277,0.0019188850570686794,2.1564815521242053,0.9813528060913086,2026-01-08 19:02:00,4465.36
Up,4465.346089782714,4467.591684494018,2026-01-08 19:33:13.049240112,9.931684494018555,16.217487335205078,4463.6,2026-01-08 19:32:00,Up,5.940000000000509,15.0,1.7460897827140798,0.039118419722064694,3.9916844940180454,1.2174873352050781,2026-01-08 19:17:00,4457.66
Down,4455.8908977508545,4455.798874473572,2026-01-08 19:47:40.170192718,7.801125526428223,15.669503211975098,4459.08,2026-01-08 19:38:00,Down,4.520000000000437,6.0,3.189102249145435,0.07151928759173272,3.281125526427786,9.669503211975098,2026-01-08 19:32:00,4463.6
Up,4465.9509931468965,4466.602707939148,2026-01-08 19:54:21.594085693,7.522707939147949,16.359901428222656,4464.06,2026-01-08 19:59:00,Up,4.980000000000473,21.0,1.8909931468961076,0.0423603882317018,2.5427079391474763,4.640098571777344,2026-01-08 19:38:00,4459.08
Down,4457.9151782584195,4456.891465721131,2026-01-08 20:14:39.398632049,7.168534278869629,15.656643867492676,4448.03,2026-01-08 20:36:00,Down,16.030000000000655,37.0,9.885178258419728,0.22223722093645343,8.861465721131026,21.343356132507324,2026-01-08 19:59:00,4464.06
Up,4457.090321880579,4457.067370681762,2026-01-08 20:53:04.983558654,9.037370681762695,17.083059310913086,4455.06,2026-01-08 20:48:00,Up,7.030000000000655,12.0,2.0303218805784127,0.045573390270353537,2.0073706817620405,5.083059310913086,2026-01-08 20:36:00,4448.03
Down,4444.229858568907,4446.76520401001,2026-01-08 21:05:17.686386108,8.294795989990234,17.29477310180664,4444.78,2026-01-08 21:17:00,Down,10.280000000000655,29.0,0.5501414310929249,0.012377247717388148,1.9852040100104205,11.70522689819336,2026-01-08 20:48:00,4455.06
Up,4453.634474852085,4453.295138626098,2026-01-08 21:32:38.212451934,8.515138626098633,15.636874198913574,4452.92,2026-01-08 21:47:00,Up,8.140000000000327,30.0,0.7144748520850044,0.01604508619254342,0.3751386260983054,14.363125801086426,2026-01-08 21:17:00,4444.78
Down,4445.220584537983,4444.295972747803,2026-01-08 22:02:52.186031341,8.624027252197266,15.869767189025879,4449.73,2026-01-08 21:51:00,Down,3.1900000000005093,4.0,4.509415462016477,0.10134132772137809,5.434027252196756,11.869767189025879,2026-01-08 21:47:00,4452.92
Up,4455.824330307245,4457.480342369079,2026-01-08 22:06:51.178722381,7.75034236907959,15.852978706359863,4478.11,2026-01-08 22:36:00,Up,28.38000000000011,45.0,22.28566969275471,0.4976579336540351,20.62965763092052,29.147021293640137,2026-01-08 21:51:00,4449.73
Down,4470.571753927469,4469.93085609436,2026-01-08 22:52:04.198036193,8.179143905639648,16.06996726989746,4472.07,2026-01-08 22:46:00,Down,6.039999999999964,10.0,1.4982460725304918,0.033502294743384876,2.139143905639685,6.069967269897461,2026-01-08 22:36:00,4478.11
Up,4481.436249779463,4483.479707069397,2026-01-08 23:07:44.194908142,11.409707069396973,21.736581802368164,4479.47,2026-01-08 23:10:00,Up,7.400000000000546,24.0,1.966249779462487,0.043894696905269745,4.009707069396427,2.263418197631836,2026-01-08 22:46:00,4472.07
Down,4472.404986611009,4470.218374938965,2026-01-08 23:26:41.711769104,9.251625061035156,16.6951961517334,4472.73,2026-01-08 23:22:00,Down,6.740000000000691,12.0,0.32501338899055554,0.007266555079125179,2.511625061034465,4.695196151733398,2026-01-08 23:10:00,4479.47
Up,4481.705203524827,4479.905769805908,2026-01-08 23:36:52.057456970,7.175769805908203,14.867624282836914,4475.81,2026-01-08 23:31:00,Up,3.0800000000008367,9.0,5.895203524826684,0.13171255090869996,4.095769805907366,5.867624282836914,2026-01-08 23:22:00,4472.73
Down,4468.152373714447,4467.796703872681,2026-01-09 00:22:37.974472045,8.013296127319336,51.63290786743164,4472.57,2026-01-08 23:41:00,Down,3.240000000000691,10.0,4.417626285552615,0.0987715404242441,4.773296127318645,41.63290786743164,2026-01-08 23:31:00,4475.81
Up,4485.73134815812,4480.963395423889,2026-01-08 23:57:11.737174987,8.39339542388916,16.195619583129883,4484.04,2026-01-09 01:02:00,Up,11.470000000000255,81.0,1.6913481581204906,0.03771929238188086,3.0766045761110945,64.80438041687012,2026-01-08 23:41:00,4472.57
Down,4475.784308974743,4473.85488609314,2026-01-09 01:21:58.913154602,10.185113906860352,19.98188591003418,4475.06,2026-01-09 01:24:00,Down,8.979999999999563,22.0,0.7243089747425984,0.016185458401509662,1.2051139068607881,2.0181140899658203,2026-01-09 01:02:00,4484.04
Up,4483.647246038914,4484.353755531311,2026-01-09 01:55:04.480018615,9.293755531311035,31.07466697692871,4478.46,2026-01-09 01:26:00,Up,3.399999999999636,2.0,5.187246038914054,0.11582655731912431,5.893755531311399,29.07466697692871,2026-01-09 01:24:00,4475.06
Down,4467.377308909893,4469.37282749176,2026-01-09 01:45:11.765899658,9.087172508239746,19.19609832763672,4472.94,2026-01-09 01:48:00,Down,5.520000000000437,22.0,5.562691090106455,0.12436319490327291,3.5671725082393095,2.8039016723632812,2026-01-09 01:26:00,4478.46
Up,4480.893449850082,4480.886026802063,2026-01-09 02:14:13.930206298,7.946026802062988,26.23217010498047,4476.6,2026-01-09 02:00:00,Up,3.660000000000764,12.0,4.293449850081743,0.09590872202300277,4.286026802062224,14.232170104980469,2026-01-09 01:48:00,4472.94
Down,4468.295302820206,4466.461211776734,2026-01-09 02:18:03.760643005,10.138788223266602,18.06267738342285,4459.99,2026-01-09 02:53:00,Down,16.610000000000582,53.0,8.305302820206634,0.18621796955165,6.4712117767339805,34.93732261657715,2026-01-09 02:00:00,4476.6
Up,4471.034427427053,4471.614685287475,2026-01-09 03:10:02.740631103,11.624685287475586,17.045677185058594,4465.63,2026-01-09 03:00:00,Up,5.640000000000327,7.0,5.404427427052724,0.1210227320009209,5.9846852874752585,10.045677185058594,2026-01-09 02:53:00,4459.99
Down,4452.933847946525,4450.24624622345,2026-01-09 03:18:25.419960021,15.383753776550293,18.42366600036621,4452.96,2026-01-09 03:08:00,Down,12.670000000000073,8.0,0.026152053475016146,0.0005872959441588549,2.71375377655022,10.423666000366211,2026-01-09 03:00:00,4465.63
Up,4464.834230175018,4466.90372177124,2026-01-09 03:21:38.905391693,13.943721771240234,13.648423194885254,4461.54,2026-01-09 03:16:00,Up,8.579999999999927,8.0,3.2942301750181286,0.07383616811724492,5.363721771240307,5.648423194885254,2026-01-09 03:08:00,4452.96
Down,4448.720384470224,4448.599736251831,2026-01-09 03:32:24.136619567,12.940263748168945,16.40227699279785,4453.13,2026-01-09 03:20:00,Down,8.409999999999854,4.0,4.409615529775692,0.09902283404651765,4.530263748169091,12.402276992797852,2026-01-09 03:16:00,4461.54
Up,4466.17840271473,4469.075284843445,2026-01-09 03:38:07.370567321,15.945284843444824,18.12284278869629,4460.08,2026-01-09 03:35:00,Up,6.949999999999818,15.0,6.098402714729673,0.1367330342668668,8.995284843445006,3.122842788696289,2026-01-09 03:20:00,4453.13
Down,4450.576698627472,4451.533727722168,2026-01-09 03:48:57.593479156,8.546272277832031,13.959891319274902,4456.16,2026-01-09 03:37:00,Down,3.9200000000000728,2.0,5.583301372527785,0.12529400588236925,4.6262722778319585,11.959891319274902,2026-01-09 03:35:00,4460.08
Up,4465.070080394745,4469.810671005249,2026-01-09 03:54:04.292793273,13.650671005249023,17.07154655456543,4476.54,2026-01-09 04:05:00,Up,20.38000000000011,28.0,11.4699196052552,0.2562228776075987,6.729328994751086,10.92845344543457,2026-01-09 03:37:00,4456.16
Down,4466.509072058201,4466.2128019714355,2026-01-09 04:18:10.047798156,10.327198028564453,13.167463302612305,4470.05,2026-01-09 04:16:00,Down,6.489999999999782,11.0,3.5409279417990547,0.07921450412856801,3.8371980285646714,2.1674633026123047,2026-01-09 04:05:00,4476.54
Up,4478.922310221195,4482.135545539856,2026-01-09 04:35:03.501205444,12.085545539855957,19.058353424072266,4475.55,2026-01-09 04:30:00,Up,5.5,14.0,3.372310221195221,0.07534962677649051,6.585545539855957,5.058353424072266,2026-01-09 04:16:00,4470.05
Down,4468.4970380276445,4468.53379611969,2026-01-09 04:44:44.361419677,7.016203880310059,14.739356994628906,4468.34,2026-01-09 04:39:00,Down,7.210000000000036,9.0,0.1570380276443757,0.0035144601271249656,0.19379611968997779,5.739356994628906,2026-01-09 04:30:00,4475.55
Up,4475.288649322987,4474.3271520996095,2026-01-09 04:54:54.575958251,5.987152099609375,15.909599304199219,4473.73,2026-01-09 04:44:00,Up,5.389999999999418,5.0,1.5586493229875487,0.034840040033429574,0.5971520996099571,10.909599304199219,2026-01-09 04:39:00,4468.34
Down,4466.669506593942,4465.947236518859,2026-01-09 05:00:31.868362426,7.782763481140137,16.531139373779297,4462.14,2026-01-09 05:18:00,Down,11.589999999999236,34.0,4.529506593941733,0.10150973734445205,3.8072365188590993,17.468860626220703,2026-01-09 04:44:00,4473.73
Up,4473.441885674,4470.499397888184,2026-01-09 05:35:51.792068481,8.359397888183594,17.863201141357422,4466.43,2026-01-09 05:21:00,Up,4.289999999999964,3.0,7.011885674000041,0.1569908332605692,4.06939788818363,14.863201141357422,2026-01-09 05:18:00,4462.14
Down,4455.6994715255505,4454.323633842469,2026-01-09 05:39:21.887969970,12.106366157531738,18.36479949951172,4460.53,2026-01-09 05:32:00,Down,5.900000000000546,11.0,4.830528474449238,0.10829494419831812,6.206366157531193,7.364799499511719,2026-01-09 05:21:00,4466.43
Up,4466.870959101915,4468.06493976593,2026-01-09 05:47:29.198627471,7.534939765930176,15.48664379119873,4465.9,2026-01-09 05:45:00,Up,5.369999999999891,13.0,0.9709591019154686,0.021741622112350673,2.164939765930285,2.4866437911987305,2026-01-09 05:32:00,4460.53
Down,4458.196242004633,4457.819218063354,2026-01-09 06:02:22.002410888,8.080781936645508,17.36670684814453,4460.78,2026-01-09 06:18:00,Down,5.119999999999891,33.0,2.5837579953667955,0.05792166382038109,2.960781936645617,15.633293151855469,2026-01-09 05:45:00,4465.9
Up,4469.119160914421,4470.235342292785,2026-01-09 06:33:39.473018646,9.455342292785645,15.657883644104004,4464.62,2026-01-09 06:35:00,Up,3.8400000000001455,17.0,4.499160914420827,0.10077365855147419,5.615342292785499,1.342116355895996,2026-01-09 06:18:00,4460.78
Down,4457.805401620864,4456.152206535339,2026-01-09 06:52:26.636466979,8.467793464660645,17.443941116333008,4461.62,2026-01-09 06:37:00,Down,3.0,2.0,3.814598379135532,0.085498056292009,5.4677934646606445,15.443941116333008,2026-01-09 06:35:00,4464.62
Up,4469.971368575096,4470.438723678589,2026-01-09 07:00:48.805046081,8.818723678588867,23.813417434692383,4466.95,2026-01-09 06:57:00,Up,5.329999999999927,20.0,3.0213685750959485,0.06763828955094524,3.48872367858894,3.813417434692383,2026-01-09 06:37:00,4461.62
Down,4458.877004399896,4459.786817741394,2026-01-09 07:13:54.733886718,7.163182258605957,16.9122314453125,4460.24,2026-01-09 07:16:00,Down,6.710000000000036,19.0,1.3629956001041137,0.030558795044753503,0.45318225860592065,2.0877685546875,2026-01-09 06:57:00,4466.95
Up,4466.885743818283,4467.29514383316,2026-01-09 07:35:15.816535949,7.0551438331604,19.263608932495117,4463.97,2026-01-09 07:20:00,Up,3.730000000000473,4.0,2.9157438182828628,0.065317280767632,3.3251438331599275,15.263608932495117,2026-01-09 07:16:00,4460.24
Down,4456.79107504785,4458.162535400391,2026-01-09 07:36:10.901756286,5.807464599609375,16.18169593811035,4458.32,2026-01-09 07:24:00,Down,5.650000000000546,4.0,1.528924952149282,0.0342937463472627,0.1574645996088293,12.181695938110352,2026-01-09 07:20:00,4463.97
Up,4465.720232276916,4468.240023918152,2026-01-09 07:40:06.537322998,9.920023918151855,16.10895538330078,4471.78,2026-01-09 07:35:00,Up,13.460000000000036,11.0,6.059767723083496,0.1355113114483158,3.539976081848181,5.108955383300781,2026-01-09 07:24:00,4458.32
Down,4461.507592396736,4460.817847518921,2026-01-09 07:51:56.964683532,10.962152481079102,16.949411392211914,4465.6,2026-01-09 07:47:00,Down,6.1799999999993815,12.0,4.0924076032642915,0.09164295062845511,4.78215248107972,4.949411392211914,2026-01-09 07:35:00,4471.78
Up,4472.8110912323,4475.717590904236,2026-01-09 08:04:37.456169128,10.11759090423584,17.624269485473633,4470.98,2026-01-09 08:01:00,Up,5.3799999999992,14.0,1.8310912323004231,0.04095503071587042,4.73759090423664,3.624269485473633,2026-01-09 07:47:00,4465.6
Down,4462.794990060329,4462.560757141113,2026-01-09 08:16:35.181140899,8.419242858886719,15.586352348327637,4466.14,2026-01-09 08:14:00,Down,4.839999999999236,13.0,3.3450099396713995,0.07489711338362431,3.5792428588874827,2.5863523483276367,2026-01-09 08:01:00,4470.98
Up,4472.574651379586,4474.380047454834,2026-01-09 08:29:00.134868621,8.240047454833984,15.00224781036377,4477.36,2026-01-09 08:48:00,Up,11.219999999999345,34.0,4.78534862041397,0.10687879956970113,2.979952545165361,18.99775218963623,2026-01-09 08:14:00,4466.14
Down,4469.618326039314,4464.385267601013,2026-01-09 09:03:23.315734863,12.974732398986816,15.388595581054688,4468.66,2026-01-09 09:35:00,Down,8.699999999999818,47.0,0.9583260393137607,0.021445490131577715,4.274732398986998,31.611404418945312,2026-01-09 08:48:00,4477.36
Up,4475.179253382683,4476.5320812797545,2026-01-09 09:51:19.395217895,7.872081279754639,16.323253631591797,4473.15,2026-01-09 09:47:00,Up,4.489999999999782,12.0,2.029253382683237,0.04536519863369744,3.382081279754857,4.323253631591797,2026-01-09 09:35:00,4468.66
Down,4465.5545147180555,4464.961736106872,2026-01-09 10:02:38.808403015,8.188263893127441,15.646806716918945,4469.63,2026-01-09 09:51:00,Down,3.519999999999527,4.0,4.075485281944566,0.0911817148610638,4.668263893127914,11.646806716918945,2026-01-09 09:47:00,4473.15
Up,4475.577885476351,4476.411649589539,2026-01-09 10:06:54.317607879,6.781649589538574,15.905293464660645,4473.48,2026-01-09 09:53:00,Up,3.8499999999994543,2.0,2.097885476351621,0.04689605131467272,2.93164958953912,13.905293464660645,2026-01-09 09:51:00,4469.63
Down,4466.07726850748,4465.902087669372,2026-01-09 10:10:10.631332397,7.577912330627441,17.177188873291016,4466.4,2026-01-09 10:02:00,Down,7.079999999999927,9.0,0.32273149251977884,0.007225763310938986,0.49791233062751417,8.177188873291016,2026-01-09 09:53:00,4473.48
Up,4475.11119146347,4472.702024364471,2026-01-09 10:19:04.502677917,6.3020243644714355,17.075044631958008,4476.95,2026-01-09 10:13:00,Up,10.550000000000182,11.0,1.838808536529541,0.0410727959108219,4.247975635528746,6.075044631958008,2026-01-09 10:02:00,4466.4
Down,4467.434502312541,4468.527110290527,2026-01-09 10:31:29.148674011,8.422889709472656,18.485811233520508,4464.08,2026-01-09 10:53:00,Down,12.86999999999989,40.0,3.354502312540717,0.07514431445092196,4.447110290527235,21.514188766479492,2026-01-09 10:13:00,4476.95
Up,4473.660472974777,4474.320500450134,2026-01-09 11:07:31.005306243,10.240500450134277,14.516755104064941,4477.63,2026-01-09 11:20:00,Up,13.550000000000182,27.0,3.969527025223215,0.08865241266525405,3.3094995498659046,12.483244895935059,2026-01-09 10:53:00,4464.08
Down,4467.883800610304,4464.876413230896,2026-01-09 11:36:02.806434631,12.753586769104004,16.04677391052246,4471.64,2026-01-09 11:35:00,Down,5.989999999999782,15.0,3.756199389696121,0.0840004872864569,6.763586769104222,1.046773910522461,2026-01-09 11:20:00,4477.63
Up,4478.883233242035,4484.000140800476,2026-01-09 11:50:37.864265441,12.360140800476074,15.631071090698242,4474.36,2026-01-09 11:47:00,Up,2.719999999999345,12.0,4.523233242035531,0.10109229570341974,9.640140800476729,3.631071090698242,2026-01-09 11:35:00,4471.64
Down,4466.432828016281,4465.578166351318,2026-01-09 12:13:42.157516479,8.78183364868164,26.702625274658203,4469.87,2026-01-09 12:05:00,Down,4.489999999999782,18.0,3.437171983719054,0.0768964641861856,4.291833648681859,8.702625274658203,2026-01-09 11:47:00,4474.36
Up,4477.1364758193495,4480.8962937545775,2026-01-09 12:20:51.600780487,11.026293754577637,15.860013008117676,4474.22,2026-01-09 12:10:00,Up,4.350000000000364,5.0,2.916475819349216,0.06518400568924228,6.676293754577273,10.860013008117676,2026-01-09 12:05:00,4469.87
Down,4465.773308364153,4465.670569152832,2026-01-09 12:26:59.284858703,8.549430847167969,16.988080978393555,4467.18,2026-01-09 12:49:00,Down,7.039999999999964,39.0,1.4066916358469825,0.03148947738499417,1.5094308471680051,22.011919021606445,2026-01-09 12:10:00,4474.22
Up,4472.822681035996,4474.73384016037,2026-01-09 13:04:04.645729064,7.553840160369873,15.077428817749023,4474.78,2026-01-09 13:03:00,Up,7.599999999999454,14.0,1.9573189640041164,0.04374112166417381,0.046159839629581256,1.0774288177490234,2026-01-09 12:49:00,4467.18
Down,4465.328859280347,4466.142188339233,2026-01-09 13:18:50.171813964,8.637811660766602,15.836196899414062,4470.03,2026-01-09 13:09:00,Down,4.75,6.0,4.701140719652358,0.1051702274851032,3.8878116607666016,9.836196899414062,2026-01-09 13:03:00,4474.78
Up,4476.39885149002,4478.406654624939,2026-01-09 13:23:20.741443634,8.376654624938965,14.345690727233887,4473.01,2026-01-09 13:21:00,Up,2.980000000000473,12.0,3.388851490019988,0.07576221582379623,5.396654624938492,2.3456907272338867,2026-01-09 13:09:00,4470.03
Down,4465.6056467556955,4464.949496994019,2026-01-09 14:05:14.965209960,8.060503005981445,44.249420166015625,4469.28,2026-01-09 13:32:00,Down,3.730000000000473,11.0,3.674353244304257,0.08221353874235351,4.330503005980972,33.249420166015625,2026-01-09 13:21:00,4473.01
Up,4476.006343631744,4480.489801673889,2026-01-09 13:48:49.813156127,11.20980167388916,16.830219268798828,4471.96,2026-01-09 13:39:00,Up,2.680000000000291,7.0,4.046343631744094,0.09048255422105952,8.52980167388887,9.830219268798828,2026-01-09 13:32:00,4469.28
Down,4464.573910937309,4464.906863651276,2026-01-09 14:05:52.305679321,7.053136348724365,26.871761322021484,4468.81,2026-01-09 13:46:00,Down,3.149999999999636,7.0,4.2360890626914625,0.09479232866672475,3.903136348724729,19.871761322021484,2026-01-09 13:39:00,4471.96
Up,4474.5319848883155,4476.136855182648,2026-01-09 14:07:36.346549987,7.326855182647705,21.605775833129883,4480.44,2026-01-09 14:06:00,Up,11.6299999999992,20.0,5.908015111684108,0.1318623865442704,4.303144817351495,1.6057758331298828,2026-01-09 13:46:00,4468.81
Down,4472.436360611915,4470.246217193603,2026-01-09 14:22:00.146026611,10.193782806396484,16.00243377685547,4461.18,2026-01-09 14:33:00,Down,19.25999999999931,27.0,11.256360611914715,0.2523180103002953,9.066217193602824,10.997566223144531,2026-01-09 14:06:00,4480.44
Up,4469.753375079632,4474.139769248963,2026-01-09 14:48:31.772804260,12.959769248962402,15.529546737670898,4468.35,2026-01-09 14:48:00,Up,7.170000000000073,15.0,1.4033750796315871,0.031407008842896975,5.78976924896233,0.5295467376708984,2026-01-09 14:33:00,4461.18
Down,4457.229472857714,4459.592326736451,2026-01-09 15:04:07.933731079,8.757673263549805,16.13222885131836,4463.74,2026-01-09 14:54:00,Down,4.610000000000582,6.0,6.510527142285355,0.14585363713579544,4.147673263549223,10.13222885131836,2026-01-09 14:48:00,4468.35
Up,4471.800542764663,4472.730522384643,2026-01-09 15:08:55.380020141,8.990522384643555,14.92300033569336,4473.76,2026-01-09 15:06:00,Up,10.020000000000437,12.0,1.9594572353371404,0.043798890314570744,1.0294776153568819,2.9230003356933594,2026-01-09 14:54:00,4463.74
Down,4464.906991729737,4461.205437431336,2026-01-09 15:20:58.023891448,12.55456256866455,14.96706485748291,4462.24,2026-01-09 15:20:00,Down,11.520000000000437,14.0,2.6669917297367647,0.05976800283572297,1.0345625686641142,0.9670648574829102,2026-01-09 15:06:00,4473.76
Up,4475.943850135803,4474.0582830810545,2026-01-09 15:36:25.054779052,11.818283081054688,16.417579650878906,4474.65,2026-01-09 15:25:00,Up,12.409999999999854,5.0,1.2938501358030408,0.028915113713989717,0.591716918945167,11.417579650878906,2026-01-09 15:20:00,4462.24
Down,4462.116500553489,4457.050608062744,2026-01-09 15:40:43.583965301,17.59939193725586,15.726399421691895,4457.94,2026-01-09 15:30:00,Down,16.710000000000036,5.0,4.17650055348895,0.09368678253832376,0.889391937255823,10.726399421691895,2026-01-09 15:25:00,4474.65
Up,4473.626156151295,4471.745843353271,2026-01-09 15:45:41.186943054,13.805843353271484,15.68644905090332,4491.8,2026-01-09 15:40:00,Up,33.86000000000058,10.0,18.173843848705474,0.40460046860290916,20.054156646729098,5.68644905090332,2026-01-09 15:30:00,4457.94
Down,4473.69514926672,4477.099689292908,2026-01-09 15:58:45.225906372,14.700310707092285,18.753765106201172,4479.05,2026-01-09 15:52:00,Down,12.75,12.0,5.354850733279818,0.11955326985141532,1.9503107070922852,6.753765106201172,2026-01-09 15:40:00,4491.8
Up,4496.830347466469,4501.556841659546,2026-01-09 16:09:06.600494384,22.5068416595459,17.110008239746094,4496.62,2026-01-09 16:11:00,Up,17.56999999999971,19.0,0.21034746646910207,0.004677901767752269,4.9368416595461895,1.8899917602539062,2026-01-09 15:52:00,4479.05
Down,4482.752674288749,4481.571187133789,2026-01-09 16:24:31.599025726,15.048812866210938,13.526650428771973,4482.68,2026-01-09 16:33:00,Down,13.9399999999996,22.0,0.07267428874911275,0.0016212241058722182,1.1088128662113377,8.473349571228027,2026-01-09 16:11:00,4496.62
Up,4496.17836549759,4494.5755078125,2026-01-09 16:47:01.566238403,11.8955078125,14.026103973388672,4498.04,2026-01-09 16:38:00,Up,15.359999999999673,5.0,1.8616345024101975,0.041387682244048464,3.4644921874996726,9.026103973388672,2026-01-09 16:33:00,4482.68
Down,4484.222452111244,4481.232710876465,2026-01-09 16:53:02.691707611,16.807289123535156,15.044861793518066,4479.13,2026-01-09 16:51:00,Down,18.909999999999854,13.0,5.0924521112438015,0.11369288480673259,2.1027108764646982,2.0448617935180664,2026-01-09 16:38:00,4498.04
Up,4497.2753555572035,4494.762031440735,2026-01-09 17:52:33.203201293,15.632031440734863,61.55338668823242,4517.15,2026-01-09 17:42:00,Up,38.01999999999953,51.0,19.874644442796125,0.43998194531499124,22.387968559264664,10.553386688232422,2026-01-09 16:51:00,4479.13
Down,4497.796804451942,4496.345516586303,2026-01-09 18:03:06.345291137,20.80448341369629,21.105754852294922,4499.94,2026-01-09 18:13:00,Down,17.210000000000036,31.0,2.1431955480575198,0.047627202763981746,3.5944834136962527,9.894245147705078,2026-01-09 17:42:00,4517.15
Up,4513.79932562828,4514.088204803466,2026-01-09 18:30:13.524284362,14.148204803466797,17.225404739379883,4511.67,2026-01-09 19:03:00,Up,11.730000000000473,50.0,2.12932562827973,0.04719595245839634,2.418204803466324,32.77459526062012,2026-01-09 18:13:00,4499.94
Down,4502.677163735032,4500.543832702637,2026-01-09 19:18:01.572017669,11.126167297363281,15.026200294494629,4502.13,2026-01-09 19:23:00,Down,9.539999999999964,20.0,0.5471637350319725,0.012153441482853059,1.5861672973633176,4.973799705505371,2026-01-09 19:03:00,4511.67
Up,4515.058999865055,4514.79209602356,2026-01-09 19:38:12.804164886,12.66209602355957,15.21340274810791,4510.21,2026-01-09 19:34:00,Up,8.079999999999927,11.0,4.848999865054793,0.10751162063528735,4.582096023559643,4.21340274810791,2026-01-09 19:23:00,4502.13
Down,4502.292703428864,4499.974525413513,2026-01-09 19:49:13.022575378,10.235474586486816,15.217042922973633,4481.62,2026-01-09 19:56:00,Down,28.590000000000146,22.0,20.672703428864224,0.4612774717371001,18.35452541351333,6.782957077026367,2026-01-09 19:34:00,4510.21
Up,4496.270223689079,4502.436942214966,2026-01-09 20:13:05.258903503,20.81694221496582,17.087648391723633,4504.59,2026-01-09 20:40:00,Up,22.970000000000255,44.0,8.319776310921043,0.1846955285813147,2.1530577850344343,26.912351608276367,2026-01-09 19:56:00,4481.62
Down,4491.759453958869,4492.0651529693605,2026-01-09 20:56:48.364906311,12.524847030639648,16.806081771850586,4492.88,2026-01-09 21:06:00,Down,11.710000000000036,26.0,1.1205460411310924,0.024940484525095095,0.8148470306396121,9.193918228149414,2026-01-09 20:40:00,4504.59
Up,4503.507772550583,4504.261976127625,2026-01-09 21:22:26.368103027,11.381976127624512,16.439468383789062,4501.72,2026-01-09 21:25:00,Up,8.840000000000146,19.0,1.7877725505823037,0.039713099672620766,2.541976127624366,2.5605316162109375,2026-01-09 21:06:00,4492.88
Down,4494.480097441674,4494.739550323487,2026-01-09 21:41:10.986328125,6.980449676513672,16.18310546875,4495.98,2026-01-09 21:30:00,Down,5.740000000000691,5.0,1.4999025583256298,0.03336097042970899,1.2404496765129807,11.18310546875,2026-01-09 21:25:00,4501.72
Up,4505.389359083175,4504.794373016357,2026-01-09 21:42:22.985515594,8.814373016357422,12.383091926574707,4501.93,2026-01-09 21:53:00,Up,5.950000000000728,23.0,3.459359083174604,0.07684168974583354,2.8643730163566943,10.616908073425293,2026-01-09 21:30:00,4495.98
Down,4495.318739148379,4493.900704078675,2026-01-09 22:10:06.089630126,8.029295921325684,17.10149383544922,4497.92,2026-01-09 22:00:00,Down,4.010000000000218,7.0,2.6012608516211913,0.05783252818238633,4.019295921325465,10.101493835449219,2026-01-09 21:53:00,4501.93
Up,4505.684086914062,4505.609538955689,2026-01-09 22:17:01.358070373,7.689538955688477,17.022634506225586,4509.47,2026-01-09 22:18:00,Up,11.550000000000182,18.0,3.785913085937864,0.08395472385752348,3.8604610443117053,0.9773654937744141,2026-01-09 22:00:00,4497.92
Down,4501.981371155382,4500.235357971192,2026-01-09 22:34:34.409751892,9.234642028808594,16.573495864868164,4502.56,2026-01-09 22:44:00,Down,6.9099999999998545,26.0,0.5786288446188337,0.012851107916803632,2.3246420288087393,9.426504135131836,2026-01-09 22:18:00,4509.47
Up,4508.933870372773,4509.376316604615,2026-01-09 23:01:57.785224914,6.816316604614258,17.96308708190918,4510.18,2026-01-09 22:59:00,Up,7.619999999999891,15.0,1.246129627227674,0.027629265954522305,0.803683395385633,2.9630870819091797,2026-01-09 22:44:00,4502.56
Down,4503.1722001218795,4503.721402339936,2026-01-09 23:14:48.419208526,6.458597660064697,15.806986808776855,4505.08,2026-01-09 23:09:00,Down,5.100000000000364,10.0,1.907799878120386,0.042347746946122734,1.3585976600643335,5.8069868087768555,2026-01-09 22:59:00,4510.18
Up,4511.112653288841,4511.485583381653,2026-01-09 23:24:08.707122802,6.405583381652832,15.145118713378906,4510.48,2026-01-09 23:22:00,Up,5.399999999999636,13.0,0.6326532888415386,0.01402629628867745,1.0055833816531958,2.1451187133789062,2026-01-09 23:09:00,4505.08
Down,4504.6672901868815,4502.912388305664,2026-01-09 23:40:35.360527038,7.5676116943359375,18.58934211730957,4505.96,2026-01-09 23:42:00,Down,4.519999999999527,20.0,1.292709813118563,0.02868888789777457,3.0476116943364104,1.4106578826904297,2026-01-09 23:22:00,4510.48
Up,4517.088721151352,4514.436100921631,2026-01-10 00:16:30.478591918,8.47610092163086,34.50797653198242,4511.0,2026-01-09 23:44:00,Up,5.039999999999964,2.0,6.08872115135182,0.1349749756451301,3.4361009216308958,32.50797653198242,2026-01-09 23:42:00,4505.96
