direction,target_price,target_time,predicted_range,predicted_duration,actual_end_price,actual_end_time,actual_direction,actual_range,actual_duration,price_error,range_error,duration_error,start_time,start_price
Down,4351.92626953125,2026-01-05 18:31:12.307376861,12.35136604309082,15.205122947692871,4440.31,2026-01-05 18:30:00,Down,8.460000000000036,14.0,88.3837304687504,3.891366043090784,1.205122947692871,2026-01-05 18:16:00,4448.77
Up,4332.337890625,2026-01-05 18:44:20.105953216,9.074602127075195,14.335099220275879,4454.43,2026-01-05 18:54:00,Up,14.11999999999989,24.0,122.09210937500029,5.0453978729246955,9.664900779724121,2026-01-05 18:30:00,4440.31
Down,4336.7421875,2026-01-05 19:13:25.729751586,9.720338821411133,19.428829193115234,4432.4,2026-01-05 19:05:00,Down,22.030000000000655,11.0,95.65781249999964,12.309661178589522,8.428829193115234,2026-01-05 18:54:00,4454.43
Up,4339.083984375,2026-01-05 19:25:21.945991516,10.49850082397461,20.365766525268555,4449.13,2026-01-05 19:26:00,Up,16.730000000000473,21.0,110.04601562500011,6.231499176025864,0.6342334747314453,2026-01-05 19:05:00,4432.4
Down,4348.5029296875,2026-01-05 19:41:58.504199981,9.75282096862793,15.975069999694824,4437.84,2026-01-05 19:44:00,Down,11.289999999999964,18.0,89.33707031250015,1.537179031372034,2.024930000305176,2026-01-05 19:26:00,4449.13
Up,4343.6484375,2026-01-05 20:00:15.394363403,11.567337036132812,16.256572723388672,4445.75,2026-01-05 19:57:00,Up,7.9099999999998545,13.0,102.1015625,3.657337036132958,3.256572723388672,2026-01-05 19:44:00,4437.84
Down,4379.01123046875,2026-01-05 20:13:11.804008483,8.961076736450195,16.196733474731445,4441.89,2026-01-05 20:01:00,Down,3.8599999999996726,4.0,62.87876953125033,5.101076736450523,12.196733474731445,2026-01-05 19:57:00,4445.75
Up,4368.0498046875,2026-01-05 20:17:11.341896057,8.951953887939453,16.18903160095215,4448.59,2026-01-05 20:16:00,Up,6.699999999999818,15.0,80.54019531250015,2.251953887939635,1.1890316009521484,2026-01-05 20:01:00,4441.89
Down,4356.884765625,2026-01-05 20:28:55.849800109,8.1670503616333,12.930830001831055,4439.88,2026-01-05 20:29:00,Down,8.710000000000036,13.0,82.99523437500011,0.5429496383667356,0.06916999816894531,2026-01-05 20:16:00,4448.59
Up,4353.4189453125,2026-01-05 20:41:58.915843963,9.69242000579834,12.98193073272705,4449.24,2026-01-05 21:00:00,Up,9.359999999999673,31.0,95.82105468749978,0.33242000579866726,18.01806926727295,2026-01-05 20:29:00,4439.88
Down,4363.13427734375,2026-01-05 21:16:46.504440307,9.172540664672852,16.775074005126953,4435.14,2026-01-05 21:10:00,Down,14.099999999999454,10.0,72.00572265625033,4.927459335326603,6.775074005126953,2026-01-05 21:00:00,4449.24
Up,4356.16162109375,2026-01-05 21:26:58.554382324,7.644712448120117,16.975906372070312,4445.86,2026-01-05 21:34:00,Up,10.719999999999345,24.0,89.69837890624967,3.075287551879228,7.0240936279296875,2026-01-05 21:10:00,4435.14
Down,4371.0234375,2026-01-05 21:49:51.898384094,12.640398979187012,15.864973068237305,4438.66,2026-01-05 21:56:00,Down,7.199999999999818,22.0,67.63656249999985,5.440398979187194,6.135026931762695,2026-01-05 21:34:00,4445.86
Up,4364.47998046875,2026-01-05 22:11:51.148910522,8.489998817443848,15.852481842041016,4447.0,2026-01-05 22:21:00,Up,8.340000000000146,25.0,82.52001953125,0.14999881744370214,9.147518157958984,2026-01-05 21:56:00,4438.66
Down,4375.20556640625,2026-01-05 22:37:01.569328308,9.193477630615234,16.026155471801758,4438.07,2026-01-05 22:44:00,Down,8.930000000000291,23.0,62.86443359374971,0.26347763061494334,6.973844528198242,2026-01-05 22:21:00,4447.0
Up,4367.9345703125,2026-01-05 22:57:58.208370208,7.067129611968994,13.970139503479004,4448.24,2026-01-05 23:10:00,Up,10.170000000000073,26.0,80.30542968749978,3.1028703880310786,12.029860496520996,2026-01-05 22:44:00,4438.07
Down,4378.5478515625,2026-01-05 23:21:31.359386444,7.464601516723633,11.522656440734863,4443.46,2026-01-05 23:19:00,Down,4.779999999999745,9.0,64.91214843750004,2.6846015167238875,2.5226564407348633,2026-01-05 23:10:00,4448.24
Up,4400.04931640625,2026-01-05 23:33:31.615848541,7.710010051727295,14.526930809020996,4448.37,2026-01-05 23:34:00,Up,4.9099999999998545,15.0,48.32068359374989,2.8000100517274404,0.4730691909790039,2026-01-05 23:19:00,4443.46
Down,4392.25390625,2026-01-05 23:47:29.158630371,7.135860443115234,13.485977172851562,4445.29,2026-01-05 23:47:00,Down,3.0799999999999272,13.0,53.036093749999964,4.055860443115307,0.4859771728515625,2026-01-05 23:34:00,4448.37
Up,4379.1142578125,2026-01-06 00:00:40.250358581,7.025876522064209,13.670839309692383,4460.09,2026-01-06 01:10:00,Up,14.800000000000182,83.0,80.97574218750015,7.774123477935973,69.32916069030762,2026-01-05 23:47:00,4445.29
Down,4381.43603515625,2026-01-06 01:24:52.965488433,13.074118614196777,14.882758140563965,4436.76,2026-01-06 02:01:00,Down,23.329999999999927,51.0,55.32396484375022,10.25588138580315,36.117241859436035,2026-01-06 01:10:00,4460.09
Up,4394.62841796875,2026-01-06 02:18:01.038551330,16.499679565429688,17.017309188842773,4444.78,2026-01-06 02:31:00,Up,8.019999999999527,30.0,50.151582031249745,8.47967956543016,12.982690811157227,2026-01-06 02:01:00,4436.76
Down,4406.55615234375,2026-01-06 02:59:29.456062316,18.63799476623535,28.490934371948242,4430.46,2026-01-06 02:40:00,Down,14.319999999999709,9.0,23.903847656250036,4.317994766235643,19.490934371948242,2026-01-06 02:31:00,4444.78
Up,4398.64453125,2026-01-06 02:57:42.153167724,9.54041576385498,17.702552795410156,4438.21,2026-01-06 02:48:00,Up,7.75,8.0,39.565468750000036,1.7904157638549805,9.702552795410156,2026-01-06 02:40:00,4430.46
Down,4417.40771484375,2026-01-06 03:01:25.013580322,13.356472969055176,13.416893005371094,4434.68,2026-01-06 02:54:00,Down,3.5299999999997453,6.0,17.27228515625029,9.82647296905543,7.416893005371094,2026-01-06 02:48:00,4438.21
Up,4397.435546875,2026-01-06 03:04:58.226623535,11.401162147521973,10.970443725585938,4440.24,2026-01-06 03:00:00,Up,5.559999999999491,6.0,42.80445312499978,5.841162147522482,4.9704437255859375,2026-01-06 02:54:00,4434.68
Down,4399.94970703125,2026-01-06 03:18:21.331901550,15.936077117919922,18.355531692504883,4428.06,2026-01-06 03:03:00,Down,12.179999999999382,3.0,28.1102929687504,3.7560771179205403,15.355531692504883,2026-01-06 03:00:00,4440.24
Up,4388.9345703125,2026-01-06 03:18:47.845516204,11.404605865478516,15.797425270080566,4444.21,2026-01-06 03:15:00,Up,16.149999999999636,12.0,55.275429687500036,4.745394134521121,3.7974252700805664,2026-01-06 03:03:00,4428.06
Down,4384.67431640625,2026-01-06 03:29:39.776973724,14.085502624511719,14.662949562072754,4432.78,2026-01-06 03:34:00,Down,11.430000000000291,19.0,48.105683593749745,2.6555026245114277,4.337050437927246,2026-01-06 03:15:00,4444.21
Up,4383.4228515625,2026-01-06 03:51:10.895347595,21.2448673248291,17.181589126586914,4460.98,2026-01-06 04:30:00,Up,28.199999999999818,56.0,77.55714843749956,6.9551326751707165,38.818410873413086,2026-01-06 03:34:00,4432.78
Down,4386.23974609375,2026-01-06 04:47:09.591636657,13.377615928649902,17.159860610961914,4448.9,2026-01-06 04:41:00,Down,12.079999999999927,11.0,62.660253906249636,1.297615928649975,6.159860610961914,2026-01-06 04:30:00,4460.98
Up,4391.6591796875,2026-01-06 04:59:03.763160705,13.936168670654297,18.062719345092773,4457.55,2026-01-06 04:49:00,Up,8.650000000000546,8.0,65.89082031250018,5.286168670653751,10.062719345092773,2026-01-06 04:41:00,4448.9
Down,4370.5185546875,2026-01-06 05:03:11.279010772,10.53831958770752,14.187983512878418,4451.88,2026-01-06 04:57:00,Down,5.670000000000073,8.0,81.36144531250011,4.868319587707447,6.187983512878418,2026-01-06 04:49:00,4457.55
Up,4361.806640625,2026-01-06 05:11:00.571746826,8.994242668151855,14.009529113769531,4468.06,2026-01-06 05:24:00,Up,16.18000000000029,27.0,106.2533593750004,7.185757331848436,12.990470886230469,2026-01-06 04:57:00,4451.88
Down,4375.2314453125,2026-01-06 05:38:14.888706207,11.589278221130371,14.24814510345459,4464.66,2026-01-06 05:50:00,Down,3.4000000000005457,26.0,89.42855468749985,8.189278221129825,11.75185489654541,2026-01-06 05:24:00,4468.06
Up,4391.09912109375,2026-01-06 06:05:35.793685913,9.22358512878418,15.596561431884766,4468.12,2026-01-06 05:55:00,Up,3.4600000000000364,5.0,77.02087890624989,5.763585128784143,10.596561431884766,2026-01-06 05:50:00,4464.66
Down,4373.5703125,2026-01-06 06:12:07.845840454,8.017738342285156,17.13076400756836,4464.73,2026-01-06 06:07:00,Down,3.3900000000003274,12.0,91.15968749999956,4.627738342284829,5.130764007568359,2026-01-06 05:55:00,4468.12
Up,4365.04541015625,2026-01-06 06:22:17.366638183,8.588855743408203,15.289443969726562,4468.55,2026-01-06 06:12:00,Up,3.8200000000006185,5.0,103.50458984375018,4.768855743407585,10.289443969726562,2026-01-06 06:07:00,4464.73
Down,4376.88330078125,2026-01-06 06:26:42.285518646,8.191285133361816,14.704758644104004,4463.25,2026-01-06 06:15:00,Down,5.300000000000182,3.0,86.36669921875,2.8912851333616345,11.704758644104004,2026-01-06 06:12:00,4468.55
Up,4377.466796875,2026-01-06 06:31:54.350738525,6.437784671783447,16.905845642089844,4466.37,2026-01-06 06:34:00,Up,3.119999999999891,19.0,88.90320312499989,3.3177846717835564,2.0941543579101562,2026-01-06 06:15:00,4463.25
Down,4388.2216796875,2026-01-06 06:52:33.062667846,7.783910751342773,18.551044464111328,4461.96,2026-01-06 06:43:00,Down,4.4099999999998545,9.0,73.73832031250004,3.373910751342919,9.551044464111328,2026-01-06 06:34:00,4466.37
Up,4401.56640625,2026-01-06 07:33:10.722427368,9.944101333618164,50.178707122802734,4469.54,2026-01-06 07:05:00,Up,7.579999999999927,22.0,67.97359374999996,2.364101333618237,28.178707122802734,2026-01-06 06:43:00,4461.96
Down,4418.03369140625,2026-01-06 07:20:19.013900756,7.999040603637695,15.316898345947266,4466.92,2026-01-06 07:15:00,Down,2.619999999999891,10.0,48.88630859375007,5.3790406036378045,5.316898345947266,2026-01-06 07:05:00,4469.54
Up,4397.9658203125,2026-01-06 07:33:46.520576477,9.74044132232666,18.77534294128418,4474.15,2026-01-06 07:31:00,Up,7.229999999999563,16.0,76.18417968749964,2.5104413223270967,2.7753429412841797,2026-01-06 07:15:00,4466.92
Down,4404.16552734375,2026-01-06 07:55:36.520957946,8.89356803894043,24.60868263244629,4449.56,2026-01-06 07:57:00,Down,24.589999999999236,26.0,45.3944726562504,15.696431961058806,1.391317367553711,2026-01-06 07:31:00,4474.15
Up,4415.19677734375,2026-01-06 08:13:40.441246032,9.279001235961914,16.674020767211914,4465.82,2026-01-06 08:37:00,Up,16.25999999999931,40.0,50.62322265624971,6.980998764037395,23.325979232788086,2026-01-06 07:57:00,4449.56
Down,4414.6171875,2026-01-06 08:55:59.727973937,20.310497283935547,18.995466232299805,4461.23,2026-01-06 08:46:00,Down,4.5900000000001455,9.0,46.61281249999956,15.720497283935401,9.995466232299805,2026-01-06 08:37:00,4465.82
Up,4422.61328125,2026-01-06 09:04:26.002464294,15.631324768066406,18.433374404907227,4470.48,2026-01-06 09:09:00,Up,9.25,23.0,47.86671874999956,6.381324768066406,4.566625595092773,2026-01-06 08:46:00,4461.23
Down,4411.4228515625,2026-01-06 09:22:23.767032623,16.100271224975586,13.396117210388184,4461.66,2026-01-06 09:26:00,Down,8.819999999999709,17.0,50.237148437499854,7.280271224975877,3.6038827896118164,2026-01-06 09:09:00,4470.48
Up,4400.10498046875,2026-01-06 09:40:14.983005523,13.251185417175293,14.249716758728027,4467.25,2026-01-06 09:32:00,Up,5.5900000000001455,6.0,67.14501953125,7.6611854171751474,8.249716758728027,2026-01-06 09:26:00,4461.66
Down,4407.62548828125,2026-01-06 09:44:54.689254760,9.346179962158203,12.911487579345703,4457.25,2026-01-06 09:56:00,Down,10.0,24.0,49.62451171875,0.6538200378417969,11.088512420654297,2026-01-06 09:32:00,4467.25
Up,4382.25732421875,2026-01-06 10:07:14.808940887,11.350172996520996,11.24681568145752,4475.73,2026-01-06 10:27:00,Up,18.479999999999563,31.0,93.47267578124956,7.129827003478567,19.75318431854248,2026-01-06 09:56:00,4457.25
Down,4396.38671875,2026-01-06 10:42:01.529502868,10.378472328186035,15.025491714477539,4464.53,2026-01-06 10:41:00,Down,11.199999999999818,14.0,68.14328124999975,0.821527671813783,1.025491714477539,2026-01-06 10:27:00,4475.73
Up,4396.03173828125,2026-01-06 10:57:41.330451965,9.832406044006348,16.688840866088867,4469.45,2026-01-06 10:58:00,Up,4.920000000000073,17.0,73.41826171874982,4.912406044006275,0.3111591339111328,2026-01-06 10:41:00,4464.53
Down,4400.6689453125,2026-01-06 11:12:01.611499786,8.247146606445312,14.02685832977295,4442.54,2026-01-06 12:03:00,Down,26.909999999999854,65.0,41.871054687499964,18.662853393554542,50.97314167022705,2026-01-06 10:58:00,4469.45
Up,4374.66552734375,2026-01-06 12:19:18.607749938,6.987953186035156,16.310129165649414,4452.69,2026-01-06 12:19:00,Up,10.149999999999636,16.0,78.0244726562496,3.16204681396448,0.31012916564941406,2026-01-06 12:03:00,4442.54
Down,4383.91943359375,2026-01-06 12:35:40.598945617,9.0675630569458,16.67664909362793,4448.52,2026-01-06 12:30:00,Down,4.169999999999163,11.0,64.60056640625044,4.8975630569466375,5.67664909362793,2026-01-06 12:19:00,4452.69
Up,4379.34423828125,2026-01-06 12:42:32.162189483,7.810448169708252,12.536036491394043,4456.08,2026-01-06 12:38:00,Up,7.559999999999491,8.0,76.73576171874993,0.25044816970876127,4.536036491394043,2026-01-06 12:30:00,4448.52
Down,4393.40966796875,2026-01-06 12:51:54.506492614,6.539278030395508,13.908441543579102,4449.42,2026-01-06 12:43:00,Down,6.6599999999998545,5.0,56.01033203125007,0.12072196960434667,8.908441543579102,2026-01-06 12:38:00,4456.08
Up,4374.66650390625,2026-01-06 12:57:58.138046264,10.416380882263184,14.96896743774414,4453.3,2026-01-06 12:57:00,Up,3.880000000000109,14.0,78.63349609375018,6.5363808822630745,0.9689674377441406,2026-01-06 12:43:00,4449.42
Down,4377.82470703125,2026-01-06 13:10:54.448356628,6.867834091186523,13.907472610473633,4448.72,2026-01-06 13:18:00,Down,4.579999999999927,21.0,70.89529296875025,2.287834091186596,7.092527389526367,2026-01-06 12:57:00,4453.3
Up,4388.5966796875,2026-01-06 13:32:28.826637268,7.409763813018799,14.480443954467773,4464.65,2026-01-06 14:01:00,Up,15.929999999999382,43.0,76.05332031249964,8.520236186980583,28.519556045532227,2026-01-06 13:18:00,4448.72
Down,4379.7978515625,2026-01-06 14:20:43.927001953,8.37214183807373,19.73211669921875,4461.7,2026-01-06 14:04:00,Down,2.949999999999818,3.0,81.90214843749982,5.422141838073912,16.73211669921875,2026-01-06 14:01:00,4464.65
Up,4378.3193359375,2026-01-06 14:20:45.769958496,8.403757095336914,16.762832641601562,4464.82,2026-01-06 14:18:00,Up,3.119999999999891,14.0,86.50066406249971,5.283757095337023,2.7628326416015625,2026-01-06 14:04:00,4461.7
Down,4397.72265625,2026-01-07 14:07:27.458496093,11.683985710144043,1429.4576416015625,4461.5,2026-01-06 14:20:00,Down,3.319999999999709,2.0,63.77734375,8.363985710144334,1427.4576416015625,2026-01-06 14:18:00,4464.82
Up,4425.25341796875,2026-01-06 14:35:22.740440368,13.725258827209473,15.379007339477539,4466.36,2026-01-06 14:30:00,Up,4.859999999999673,10.0,41.10658203124967,8.8652588272098,5.379007339477539,2026-01-06 14:20:00,4461.5
Down,4423.86962890625,2026-01-08 12:17:47.519531250,27.758852005004883,2747.7919921875,4458.85,2026-01-06 14:41:00,Down,7.509999999999309,11.0,34.980371093750364,20.248852005005574,2736.7919921875,2026-01-06 14:30:00,4466.36
Up,4395.5322265625,2026-01-06 14:53:17.016220092,6.604452133178711,12.28360366821289,4465.14,2026-01-06 15:00:00,Up,6.289999999999964,19.0,69.60777343750033,0.3144521331787473,6.716396331787109,2026-01-06 14:41:00,4458.85
Down,4420.1298828125,2026-01-06 15:17:45.477790832,7.783837795257568,17.757963180541992,4459.76,2026-01-06 15:02:00,Down,5.380000000000109,2.0,39.63011718750022,2.403837795257459,15.757963180541992,2026-01-06 15:00:00,4465.14
Up,4398.0634765625,2026-01-06 15:18:58.259353637,12.206904411315918,16.970989227294922,4470.45,2026-01-06 15:17:00,Up,10.6899999999996,15.0,72.38652343749982,1.5169044113163181,1.9709892272949219,2026-01-06 15:02:00,4459.76
Down,4443.43310546875,2026-01-06 15:32:03.843498229,13.182317733764648,15.064058303833008,4455.68,2026-01-06 15:31:00,Down,14.769999999999527,14.0,12.246894531250291,1.5876822662348786,1.0640583038330078,2026-01-06 15:17:00,4470.45
Up,4406.68603515625,2026-01-06 15:46:42.793350219,17.413541793823242,15.71322250366211,4463.81,2026-01-06 15:46:00,Up,8.13000000000011,15.0,57.1239648437504,9.283541793823133,0.7132225036621094,2026-01-06 15:31:00,4455.68
Down,4411.0205078125,2026-01-06 16:11:14.656448364,14.767250061035156,25.244274139404297,4454.46,2026-01-06 15:50:00,Down,9.350000000000364,4.0,43.439492187500036,5.4172500610347925,21.244274139404297,2026-01-06 15:46:00,4463.81
Up,4407.24755859375,2026-01-06 16:05:36.186561584,16.03840446472168,15.603109359741211,4473.4,2026-01-06 16:16:00,Up,18.9399999999996,26.0,66.15244140624964,2.90159553527792,10.396890640258789,2026-01-06 15:50:00,4454.46
Down,4398.93701171875,2026-01-06 16:30:26.787414550,9.705809593200684,14.446456909179688,4464.56,2026-01-06 16:20:00,Down,8.839999999999236,4.0,65.6229882812504,0.8658095932014476,10.446456909179688,2026-01-06 16:16:00,4473.4
Up,4387.095703125,2026-01-06 16:33:37.964687347,10.086623191833496,13.632744789123535,4490.94,2026-01-06 17:00:00,Up,26.3799999999992,40.0,103.8442968749996,16.293376808165704,26.367255210876465,2026-01-06 16:20:00,4464.56
Down,4374.1181640625,2026-01-06 17:14:34.999580383,11.825672149658203,14.58332633972168,4473.98,2026-01-06 17:20:00,Down,16.960000000000036,20.0,99.86183593749956,5.134327850341833,5.41667366027832,2026-01-06 17:00:00,4490.94
Up,4384.98046875,2026-01-06 17:35:04.426231384,10.19945240020752,15.073770523071289,4482.0,2026-01-06 17:30:00,Up,8.020000000000437,10.0,97.01953125,2.179452400207083,5.073770523071289,2026-01-06 17:20:00,4473.98
Down,4387.375,2026-01-06 17:47:14.131965637,14.945932388305664,17.235532760620117,4463.22,2026-01-06 17:37:00,Down,18.779999999999745,7.0,75.84500000000025,3.8340676116940813,10.235532760620117,2026-01-06 17:30:00,4482.0
Up,4369.9306640625,2026-01-06 17:50:05.813598632,10.807806968688965,13.096893310546875,4483.1,2026-01-06 18:01:00,Up,19.88000000000011,24.0,113.16933593750036,9.072193031311144,10.903106689453125,2026-01-06 17:37:00,4463.22
Down,4365.99658203125,2026-01-06 18:15:36.670188903,17.591663360595703,14.611169815063477,4471.63,2026-01-06 18:06:00,Down,11.470000000000255,5.0,105.63341796875011,6.1216633605954485,9.611169815063477,2026-01-06 18:01:00,4483.1
Up,4379.982421875,2026-01-06 18:21:09.545688629,15.000020980834961,15.15909481048584,4488.93,2026-01-06 18:41:00,Up,17.300000000000182,35.0,108.94757812500029,2.299979019165221,19.84090518951416,2026-01-06 18:06:00,4471.63
Down,4401.4287109375,2026-01-06 18:53:54.246826171,14.335100173950195,12.90411376953125,4484.42,2026-01-06 18:50:00,Down,4.510000000000218,9.0,82.99128906250007,9.825100173949977,3.90411376953125,2026-01-06 18:41:00,4488.93
Up,4378.6357421875,2026-01-06 19:05:00.633602142,14.290366172790527,15.010560035705566,4490.29,2026-01-06 19:17:00,Up,5.869999999999891,27.0,111.65425781249996,8.420366172790636,11.989439964294434,2026-01-06 18:50:00,4484.42
Down,4382.1875,2026-01-06 19:34:53.423423767,14.888235092163086,17.890390396118164,4486.0,2026-01-06 19:28:00,Down,4.289999999999964,11.0,103.8125,10.598235092163122,6.890390396118164,2026-01-06 19:17:00,4490.29
Up,4367.28564453125,2026-01-06 19:40:44.999084472,8.895333290100098,12.749984741210938,4489.86,2026-01-06 19:37:00,Up,3.8599999999996726,9.0,122.57435546874967,5.035333290100425,3.7499847412109375,2026-01-06 19:28:00,4486.0
Down,4396.24755859375,2026-01-06 19:54:10.435409545,9.411961555480957,17.17392349243164,4481.66,2026-01-06 19:44:00,Down,8.199999999999818,7.0,85.41244140624985,1.211961555481139,10.17392349243164,2026-01-06 19:37:00,4489.86
Up,4394.9306640625,2026-01-06 19:57:55.640258789,7.293023586273193,13.927337646484375,4494.16,2026-01-06 20:19:00,Up,12.5,35.0,99.22933593749985,5.206976413726807,21.072662353515625,2026-01-06 19:44:00,4481.66
Down,4394.6845703125,2026-01-06 20:35:48.923492431,10.169228553771973,16.815391540527344,4482.32,2026-01-06 20:34:00,Down,11.840000000000146,15.0,87.63542968749971,1.6707714462281729,1.8153915405273438,2026-01-06 20:19:00,4494.16
Up,4409.2451171875,2026-01-06 20:54:06.224327087,9.967382431030273,20.10373878479004,4490.42,2026-01-06 20:51:00,Up,8.100000000000364,17.0,81.17488281250007,1.8673824310299096,3.103738784790039,2026-01-06 20:34:00,4482.32
Down,4411.947265625,2026-01-06 21:11:12.972908020,12.68427848815918,20.216215133666992,4477.44,2026-01-06 21:17:00,Down,12.980000000000473,26.0,65.4927343749996,0.29572151184129325,5.783784866333008,2026-01-06 20:51:00,4490.42
Up,4398.51123046875,2026-01-06 21:32:18.147068023,8.916836738586426,15.302451133728027,4484.7,2026-01-06 21:22:00,Up,7.260000000000218,5.0,86.18876953124982,1.6568367385862075,10.302451133728027,2026-01-06 21:17:00,4477.44
Down,4416.451171875,2026-01-06 21:39:23.105163574,8.261820793151855,17.385086059570312,4477.86,2026-01-06 21:32:00,Down,6.8400000000001455,10.0,61.40882812499967,1.42182079315171,7.3850860595703125,2026-01-06 21:22:00,4484.7
Up,4408.77587890625,2026-01-06 21:47:27.180976867,12.910286903381348,15.45301628112793,4483.78,2026-01-06 21:46:00,Up,5.920000000000073,14.0,75.00412109374975,6.990286903381275,1.4530162811279297,2026-01-06 21:32:00,4477.86
Down,4397.11181640625,2026-01-06 22:02:32.958412170,9.271160125732422,16.549306869506836,4479.24,2026-01-06 21:54:00,Down,4.539999999999964,8.0,82.12818359374978,4.731160125732458,8.549306869506836,2026-01-06 21:46:00,4483.78
Up,4398.13330078125,2026-01-06 22:10:11.416053771,6.775148391723633,16.19026756286621,4487.7,2026-01-06 22:21:00,Up,8.460000000000036,27.0,89.56669921874982,1.6848516082764036,10.809732437133789,2026-01-06 21:54:00,4479.24
Down,4408.44775390625,2026-01-06 22:38:03.711547851,7.059206008911133,17.061859130859375,4483.87,2026-01-06 22:31:00,Down,3.8299999999999272,10.0,75.42224609374989,3.2292060089112056,7.061859130859375,2026-01-06 22:21:00,4487.7
Up,4391.93994140625,2026-01-06 22:46:51.099987030,7.600388050079346,15.851666450500488,4496.94,2026-01-06 22:58:00,Up,13.069999999999709,27.0,105.0000585937496,5.469611949920363,11.148333549499512,2026-01-06 22:31:00,4483.87
Down,4405.4013671875,2026-01-06 23:13:54.869728088,6.965134143829346,15.914495468139648,4491.99,2026-01-06 23:14:00,Down,4.949999999999818,16.0,86.58863281249978,2.0151341438295276,0.08550453186035156,2026-01-06 22:58:00,4496.94
Up,4400.7890625,2026-01-06 23:30:23.091316223,8.035170555114746,16.384855270385742,4497.45,2026-01-06 23:50:00,Up,5.460000000000036,36.0,96.66093749999982,2.5751705551147097,19.615144729614258,2026-01-06 23:14:00,4491.99
Down,4422.0146484375,2026-01-07 00:08:10.150451660,7.707198143005371,18.169174194335938,4493.89,2026-01-06 23:58:00,Down,3.5599999999994907,8.0,71.87535156250033,4.14719814300588,10.169174194335938,2026-01-06 23:50:00,4497.45
Up,4399.57470703125,2026-01-07 00:14:49.337425231,7.366084098815918,16.822290420532227,4499.34,2026-01-07 01:05:00,Up,5.449999999999818,67.0,99.76529296875015,1.9160840988160999,50.17770957946777,2026-01-06 23:58:00,4493.89
Down,4420.6630859375,2026-01-07 01:23:48.282279968,19.568620681762695,18.804704666137695,4494.78,2026-01-07 01:12:00,Down,4.5600000000004,7.0,74.11691406249975,15.008620681762295,11.804704666137695,2026-01-07 01:05:00,4499.34
Up,4423.3720703125,2026-01-07 01:44:47.571945190,15.099308013916016,32.79286575317383,4500.59,2026-01-07 01:27:00,Up,5.8100000000004,15.0,77.21792968750015,9.289308013915615,17.792865753173828,2026-01-07 01:12:00,4494.78
Down,4420.83447265625,2026-01-07 02:04:18.667144775,11.829935073852539,37.311119079589844,4492.12,2026-01-07 01:51:00,Down,8.470000000000255,24.0,71.28552734374989,3.3599350738522844,13.311119079589844,2026-01-07 01:27:00,4500.59
Up,4416.08056640625,2026-01-07 02:08:20.938568115,7.61686372756958,17.348976135253906,4496.36,2026-01-07 01:54:00,Up,4.239999999999782,3.0,80.27943359374967,3.3768637275697984,14.348976135253906,2026-01-07 01:51:00,4492.12
Down,4416.9814453125,2026-01-07 02:11:39.958648681,9.496659278869629,17.665977478027344,4490.35,2026-01-07 02:01:00,Down,6.009999999999309,7.0,73.36855468750036,3.48665927887032,10.665977478027344,2026-01-07 01:54:00,4496.36
Up,4402.81103515625,2026-01-07 05:39:56.152954101,14.301459312438965,218.93588256835938,4494.27,2026-01-07 02:12:00,Up,3.9200000000000728,11.0,91.45896484375044,10.381459312438892,207.93588256835938,2026-01-07 02:01:00,4490.35
Down,4410.97509765625,2026-01-07 02:31:25.099296569,11.544286727905273,19.41832160949707,4489.68,2026-01-07 02:18:00,Down,4.5900000000001455,6.0,78.70490234375029,6.954286727905128,13.41832160949707,2026-01-07 02:12:00,4494.27
Up,4408.68115234375,2026-01-07 02:34:27.561721801,14.83022689819336,16.459362030029297,4494.87,2026-01-07 02:36:00,Up,5.1899999999996,18.0,86.18884765624989,9.64022689819376,1.5406379699707031,2026-01-07 02:18:00,4489.68
Down,4401.1865234375,2026-01-07 02:53:58.212547302,10.881051063537598,17.9702091217041,4482.63,2026-01-07 02:53:00,Down,12.239999999999782,17.0,81.44347656250011,1.358948936462184,0.9702091217041016,2026-01-07 02:36:00,4494.87
Up,4412.83935546875,2026-01-07 03:09:02.568283081,8.463827133178711,16.042804718017578,4495.64,2026-01-07 03:00:00,Up,13.010000000000218,7.0,82.80064453125033,4.546172866821507,9.042804718017578,2026-01-07 02:53:00,4482.63
Down,4412.4033203125,2026-01-07 03:16:30.322608947,10.426383972167969,16.5053768157959,4469.1,2026-01-07 03:14:00,Down,26.539999999999964,14.0,56.696679687500364,16.113616027831995,2.5053768157958984,2026-01-07 03:00:00,4495.64
Up,4397.67919921875,2026-01-07 03:29:08.337821960,13.183884620666504,15.13896369934082,4478.81,2026-01-07 03:26:00,Up,9.710000000000036,12.0,81.1308007812504,3.4738846206664675,3.1389636993408203,2026-01-07 03:14:00,4469.1
Down,4396.421875,2026-01-07 03:42:44.473686218,15.906064987182617,16.741228103637695,4459.71,2026-01-07 04:01:00,Down,19.100000000000364,35.0,63.288125000000036,3.1939350128177466,18.258771896362305,2026-01-07 03:26:00,4478.81
Up,4399.21337890625,2026-01-07 04:16:00.530376434,12.186158180236816,15.00883960723877,4475.7,2026-01-07 04:12:00,Up,15.989999999999782,11.0,76.48662109374982,3.8038418197629653,4.0088396072387695,2026-01-07 04:01:00,4459.71
Down,4402.609375,2026-01-07 04:27:30.959072113,14.432924270629883,15.515984535217285,4468.49,2026-01-07 04:25:00,Down,7.210000000000036,13.0,65.88062499999978,7.222924270629846,2.515984535217285,2026-01-07 04:12:00,4475.7
Up,4398.2431640625,2026-01-07 04:40:11.006984710,15.159492492675781,15.183449745178223,4478.54,2026-01-07 04:42:00,Up,10.050000000000182,17.0,80.29683593749996,5.109492492675599,1.8165502548217773,2026-01-07 04:25:00,4468.49
Down,4417.11083984375,2026-01-07 04:55:21.792926788,9.270326614379883,13.363215446472168,4473.9,2026-01-07 04:45:00,Down,4.640000000000327,3.0,56.789160156249636,4.630326614379555,10.363215446472168,2026-01-07 04:42:00,4478.54
Up,4409.77880859375,2026-01-07 04:59:52.404041290,8.218390464782715,14.873400688171387,4478.81,2026-01-07 04:55:00,Up,4.910000000000764,10.0,69.0311914062504,3.308390464781951,4.873400688171387,2026-01-07 04:45:00,4473.9
Down,4412.28759765625,2026-01-07 05:09:28.663330078,11.059828758239746,14.47772216796875,4473.33,2026-01-07 05:03:00,Down,5.480000000000473,8.0,61.04240234374993,5.579828758239273,6.47772216796875,2026-01-07 04:55:00,4478.81
Up,4401.79248046875,2026-01-07 05:18:27.469253540,8.265005111694336,15.457820892333984,4477.1,2026-01-07 05:10:00,Up,3.7700000000004366,7.0,75.30751953125036,4.495005111693899,8.457820892333984,2026-01-07 05:03:00,4473.33
Down,4399.0830078125,2026-01-07 05:30:06.494979858,7.893848896026611,20.10824966430664,4472.01,2026-01-07 05:14:00,Down,5.0900000000001455,4.0,72.92699218750022,2.803848896026466,16.10824966430664,2026-01-07 05:10:00,4477.1
Up,4422.4248046875,2026-01-07 05:30:52.579307556,9.892191886901855,16.87632179260254,4480.33,2026-01-07 05:20:00,Up,8.319999999999709,6.0,57.90519531249993,1.5721918869021465,10.876321792602539,2026-01-07 05:14:00,4472.01
Down,4427.10205078125,2026-01-07 05:37:38.502502441,11.183171272277832,17.641708374023438,4475.79,2026-01-07 05:33:00,Down,4.539999999999964,13.0,48.687949218749964,6.643171272277868,4.6417083740234375,2026-01-07 05:20:00,4480.33
Up,4409.220703125,2026-01-07 05:50:40.311012268,10.525218963623047,17.671850204467773,4478.88,2026-01-07 05:41:00,Up,3.0900000000001455,8.0,69.65929687500011,7.435218963622901,9.671850204467773,2026-01-07 05:33:00,4475.79
Down,4403.48828125,2026-01-07 06:00:54.720726013,8.71822738647461,19.912012100219727,4462.1,2026-01-07 07:05:00,Down,16.779999999999745,84.0,58.611718750000364,8.061772613525136,64.08798789978027,2026-01-07 05:41:00,4478.88
Up,4412.9853515625,2026-01-07 07:26:02.239036560,10.9136323928833,21.037317276000977,4470.37,2026-01-07 07:28:00,Up,8.269999999999527,23.0,57.38464843749989,2.6436323928837737,1.9626827239990234,2026-01-07 07:05:00,4462.1
Down,4418.8955078125,2026-01-07 07:45:33.194389343,8.350821495056152,17.553239822387695,4443.4,2026-01-07 07:48:00,Down,26.970000000000255,20.0,24.504492187499636,18.619178504944102,2.4467601776123047,2026-01-07 07:28:00,4470.37
Up,4414.962890625,2026-01-07 08:06:24.993209838,6.7392778396606445,18.416553497314453,4460.38,2026-01-07 08:21:00,Up,16.980000000000473,33.0,45.41710937500011,10.240722160339828,14.583446502685547,2026-01-07 07:48:00,4443.4
Down,4416.8818359375,2026-01-07 08:38:42.475433349,10.916956901550293,17.707923889160156,4441.6,2026-01-07 08:46:00,Down,18.779999999999745,25.0,24.718164062500364,7.863043098449452,7.292076110839844,2026-01-07 08:21:00,4460.38
Up,4432.01416015625,2026-01-07 09:03:37.723617553,13.789292335510254,17.628726959228516,4464.96,2026-01-07 09:50:00,Up,23.359999999999673,64.0,32.945839843750036,9.570707664489419,46.371273040771484,2026-01-07 08:46:00,4441.6
Down,4442.80810546875,2026-01-07 10:04:53.935432434,8.992569923400879,14.898923873901367,4459.43,2026-01-07 10:07:00,Down,5.529999999999745,17.0,16.62189453125029,3.4625699234011336,2.101076126098633,2026-01-07 09:50:00,4464.96
Up,4454.03662109375,2026-01-07 10:21:44.428653717,10.520041465759277,14.740477561950684,4468.62,2026-01-07 10:21:00,Up,9.1899999999996,14.0,14.58337890624989,1.3300414657596775,0.7404775619506836,2026-01-07 10:07:00,4459.43
Down,4436.48388671875,2026-01-07 10:36:49.828376770,8.647642135620117,15.830472946166992,4463.76,2026-01-07 10:25:00,Down,4.859999999999673,4.0,27.27611328125022,3.7876421356204446,11.830472946166992,2026-01-07 10:21:00,4468.62
Up,4432.458984375,2026-01-07 10:37:31.275215148,7.399658679962158,12.52125358581543,4474.69,2026-01-07 10:42:00,Up,10.929999999999382,17.0,42.2310156249996,3.5303413200372233,4.47874641418457,2026-01-07 10:25:00,4463.76
Down,4440.59228515625,2026-01-07 10:56:29.953479766,11.563010215759277,14.499224662780762,4459.44,2026-01-07 11:08:00,Down,15.25,26.0,18.8477148437496,3.6869897842407227,11.500775337219238,2026-01-07 10:42:00,4474.69
Up,4420.00244140625,2026-01-07 11:21:45.172176361,7.762419700622559,13.752869606018066,4467.27,2026-01-07 11:19:00,Up,7.830000000000837,11.0,47.26755859375044,0.06758029937827814,2.7528696060180664,2026-01-07 11:08:00,4459.44
Down,4416.31396484375,2026-01-07 11:38:05.251121520,11.1124906539917,19.0875186920166,4460.14,2026-01-07 11:46:00,Down,7.130000000000109,27.0,43.82603515625033,3.98249065399159,7.912481307983398,2026-01-07 11:19:00,4467.27
Up,4387.5400390625,2026-01-07 11:59:57.255306243,6.6094889640808105,13.954255104064941,4465.65,2026-01-07 11:55:00,Up,5.509999999999309,9.0,78.10996093749964,1.0994889640815018,4.954255104064941,2026-01-07 11:46:00,4460.14
Down,4409.17138671875,2026-01-07 12:10:49.024085998,5.122615337371826,15.817068099975586,4461.45,2026-01-07 12:01:00,Down,4.199999999999818,6.0,52.27861328124982,0.9226153373720081,9.817068099975586,2026-01-07 11:55:00,4465.65
Up,4416.16748046875,2026-01-07 12:16:50.283336639,7.10470724105835,15.838055610656738,4466.65,2026-01-07 12:15:00,Up,5.199999999999818,14.0,50.482519531249636,1.9047072410585315,1.8380556106567383,2026-01-07 12:01:00,4461.45
Down,4423.7099609375,2026-01-07 12:29:54.289169311,8.745272636413574,14.90481948852539,4458.92,2026-01-07 12:29:00,Down,7.729999999999563,14.0,35.21003906250007,1.0152726364140108,0.9048194885253906,2026-01-07 12:15:00,4466.65
Up,4440.08984375,2026-01-07 12:45:15.773849487,6.577723979949951,16.262897491455078,4467.77,2026-01-07 12:46:00,Up,8.850000000000364,17.0,27.680156250000437,2.2722760200504126,0.7371025085449219,2026-01-07 12:29:00,4458.92
Down,4417.494140625,2026-01-07 13:01:39.500598907,7.310550212860107,15.658343315124512,4460.48,2026-01-07 13:16:00,Down,7.290000000000873,30.0,42.98585937499956,0.020550212859234307,14.341656684875488,2026-01-07 12:46:00,4467.77
Up,4416.31982421875,2026-01-07 13:30:11.927318572,7.573334217071533,14.1987886428833,4464.28,2026-01-07 13:19:00,Up,3.800000000000182,3.0,47.960175781249745,3.7733342170713513,11.1987886428833,2026-01-07 13:16:00,4460.48
Down,4404.73779296875,2026-01-07 13:33:55.347633361,8.222829818725586,14.922460556030273,4449.27,2026-01-07 13:47:00,Down,15.009999999999309,28.0,44.53220703125044,6.787170181273723,13.077539443969727,2026-01-07 13:19:00,4464.28
Up,4414.22705078125,2026-01-07 14:01:03.283481597,7.484344959259033,14.05472469329834,4454.72,2026-01-07 13:54:00,Up,5.449999999999818,7.0,40.492949218750255,2.034344959259215,7.05472469329834,2026-01-07 13:47:00,4449.27
Down,4416.1787109375,2026-01-07 14:09:08.398246765,9.104279518127441,15.139970779418945,4439.37,2026-01-07 14:20:00,Down,15.350000000000364,26.0,23.19128906249989,6.245720481872922,10.860029220581055,2026-01-07 13:54:00,4454.72
Up,4425.77099609375,2026-01-07 14:36:04.696655273,8.563090324401855,16.078277587890625,4455.1,2026-01-07 14:37:00,Up,15.730000000000473,17.0,29.329003906250364,7.1669096755986175,0.921722412109375,2026-01-07 14:20:00,4439.37
Down,4433.89599609375,2026-01-07 14:52:24.136962890,10.028436660766602,15.40228271484375,4427.38,2026-01-07 15:10:00,Down,27.720000000000255,33.0,6.515996093749891,17.691563339233653,17.59771728515625,2026-01-07 14:37:00,4455.1
Up,4417.9931640625,2026-01-07 15:26:14.483299255,12.27343463897705,16.24138832092285,4447.14,2026-01-07 15:28:00,Up,19.76000000000022,18.0,29.146835937500327,7.4865653610231675,1.7586116790771484,2026-01-07 15:10:00,4427.38
Down,4431.91455078125,2026-01-07 15:40:53.215541839,14.658761024475098,12.88692569732666,4438.2,2026-01-07 15:38:00,Down,8.94000000000051,10.0,6.285449218749818,5.718761024474588,2.88692569732666,2026-01-07 15:28:00,4447.14
Up,4421.99609375,2026-01-07 15:54:49.493522644,17.856645584106445,16.824892044067383,4454.3,2026-01-07 16:04:00,Up,16.100000000000364,26.0,32.30390625000018,1.7566455841060815,9.175107955932617,2026-01-07 15:38:00,4438.2
Down,4420.10107421875,2026-01-07 16:18:29.440326690,12.427574157714844,14.49067211151123,4440.99,2026-01-07 16:30:00,Down,13.3100000000004,26.0,20.88892578124978,0.8824258422855564,11.50932788848877,2026-01-07 16:04:00,4454.3
Up,4439.8251953125,2026-01-07 16:44:24.486865997,13.224706649780273,14.408114433288574,4452.3,2026-01-07 16:35:00,Up,11.3100000000004,5.0,12.474804687500182,1.9147066497798733,9.408114433288574,2026-01-07 16:30:00,4440.99
Down,4453.51171875,2026-01-07 16:51:55.851974487,11.97804069519043,16.930866241455078,4435.67,2026-01-07 16:38:00,Down,16.63000000000011,3.0,17.841718749999927,4.6519593048096795,13.930866241455078,2026-01-07 16:35:00,4452.3
Up,4430.73095703125,2026-01-07 16:53:28.101825714,12.436675071716309,15.468363761901855,4453.03,2026-01-07 16:56:00,Up,17.359999999999673,18.0,22.299042968749745,4.923324928283364,2.5316362380981445,2026-01-07 16:38:00,4435.67
Down,4426.521484375,2026-01-07 17:10:46.871795654,16.953760147094727,14.781196594238281,4423.5,2026-01-07 17:18:00,Down,29.529999999999745,22.0,3.021484375,12.576239852905019,7.218803405761719,2026-01-07 16:56:00,4453.03
Up,4421.318359375,2026-01-07 17:35:40.566787719,19.570646286010742,17.67611312866211,4452.09,2026-01-07 17:37:00,Up,28.590000000000146,19.0,30.771640625000146,9.019353713989403,1.3238868713378906,2026-01-07 17:18:00,4423.5
Down,4420.03173828125,2026-01-07 17:55:20.102233886,21.4688663482666,18.335037231445312,4440.67,2026-01-07 17:47:00,Down,11.420000000000073,10.0,20.638261718750073,10.048866348266529,8.335037231445312,2026-01-07 17:37:00,4452.09
Up,4409.97265625,2026-01-07 18:03:22.628059387,9.97062873840332,16.377134323120117,4468.37,2026-01-07 18:49:00,Up,27.699999999999818,62.0,58.39734374999989,17.729371261596498,45.62286567687988,2026-01-07 17:47:00,4440.67
Down,4414.1552734375,2026-01-07 19:05:25.728034973,11.25596809387207,16.428800582885742,4447.21,2026-01-07 20:18:00,Down,21.159999999999854,89.0,33.054726562500036,9.904031906127784,72.57119941711426,2026-01-07 18:49:00,4468.37
Up,4391.9130859375,2026-01-07 20:33:34.970798492,11.594009399414062,15.582846641540527,4458.83,2026-01-07 20:39:00,Up,11.61999999999989,21.0,66.91691406249993,0.02599060058582836,5.417153358459473,2026-01-07 20:18:00,4447.21
Down,4405.771484375,2026-01-07 21:30:42.616424560,9.791529655456543,51.71027374267578,4449.98,2026-01-07 20:51:00,Down,8.850000000000364,12.0,44.20851562499956,0.9415296554561792,39.71027374267578,2026-01-07 20:39:00,4458.83
Up,4389.083984375,2026-01-07 21:10:04.176292419,10.875349998474121,19.069604873657227,4455.38,2026-01-07 21:07:00,Up,5.400000000000546,16.0,66.29601562500011,5.475349998473575,3.0696048736572266,2026-01-07 20:51:00,4449.98
Down,4368.58203125,2026-01-07 21:24:51.339569091,12.050925254821777,17.85565948486328,4445.44,2026-01-07 21:17:00,Down,9.94000000000051,10.0,76.8579687499996,2.110925254821268,7.855659484863281,2026-01-07 21:07:00,4455.38
Up,4376.37158203125,2026-01-07 21:32:06.187477111,16.431262969970703,15.103124618530273,4457.31,2026-01-07 21:32:00,Up,11.8700000000008,15.0,80.9384179687504,4.561262969969903,0.10312461853027344,2026-01-07 21:17:00,4445.44
Down,4399.50341796875,2026-01-07 21:48:23.588905334,12.795905113220215,16.39314842224121,4452.12,2026-01-07 21:48:00,Down,5.190000000000509,16.0,52.61658203124989,7.6059051132197055,0.39314842224121094,2026-01-07 21:32:00,4457.31
Up,4405.33984375,2026-01-07 22:03:56.513271331,10.197850227355957,15.941887855529785,4459.49,2026-01-07 22:05:00,Up,7.369999999999891,17.0,54.15015624999978,2.827850227356066,1.0581121444702148,2026-01-07 21:48:00,4452.12
Down,4433.14208984375,2026-01-07 22:22:11.426467895,7.48909854888916,17.190441131591797,4455.44,2026-01-07 22:10:00,Down,4.050000000000182,5.0,22.2979101562496,3.4390985488889783,12.190441131591797,2026-01-07 22:05:00,4459.49
Up,4421.0302734375,2026-01-07 22:25:27.643260955,6.545921802520752,15.460721015930176,4461.67,2026-01-07 22:18:00,Up,6.230000000000473,8.0,40.63972656250007,0.315921802520279,7.460721015930176,2026-01-07 22:10:00,4455.44
Down,4418.033203125,2026-01-07 22:31:56.882343292,7.1170148849487305,13.948039054870605,4455.94,2026-01-07 22:28:00,Down,5.730000000000473,10.0,37.9067968749996,1.3870148849482575,3.9480390548706055,2026-01-07 22:18:00,4461.67
Up,4413.22509765625,2026-01-07 22:42:13.408985137,8.665947914123535,14.223483085632324,4460.37,2026-01-07 22:33:00,Up,4.430000000000291,5.0,47.14490234374989,4.235947914123244,9.223483085632324,2026-01-07 22:28:00,4455.94
Down,4434.33056640625,2026-01-07 22:50:53.562698364,7.316182613372803,17.892711639404297,4449.85,2026-01-07 23:00:00,Down,10.519999999999527,27.0,15.519433593750364,3.2038173866267243,9.107288360595703,2026-01-07 22:33:00,4460.37
Up,4418.18994140625,2026-01-07 23:13:59.088478088,8.07734489440918,13.984807968139648,4455.15,2026-01-07 23:20:00,Up,5.299999999999272,20.0,36.960058593749636,2.7773448944099073,6.015192031860352,2026-01-07 23:00:00,4449.85
Down,4421.966796875,2026-01-07 23:37:07.709770202,10.022217750549316,17.128496170043945,4451.9,2026-01-07 23:29:00,Down,3.25,9.0,29.933203124999636,6.772217750549316,8.128496170043945,2026-01-07 23:20:00,4455.15
Up,4423.0078125,2026-01-07 23:46:05.884666442,8.478543281555176,17.09807777404785,4454.31,2026-01-07 23:42:00,Up,2.410000000000764,13.0,31.3021875000004,6.068543281554412,4.098077774047852,2026-01-07 23:29:00,4451.9
Down,4445.6279296875,2026-01-07 23:58:33.817291259,7.392917633056641,16.563621520996094,4452.72,2026-01-07 23:50:00,Down,1.5900000000001455,8.0,7.092070312500255,5.802917633056495,8.563621520996094,2026-01-07 23:42:00,4454.31
Up,4432.935546875,2026-01-08 23:25:38.847656250,10.751714706420898,1415.6474609375,4463.96,2026-01-08 01:27:00,Up,11.239999999999782,97.0,31.024453125000036,0.4882852935788833,1318.6474609375,2026-01-07 23:50:00,4452.72
Down,4452.2041015625,2026-01-08 02:01:18.871078491,11.321234703063965,34.314517974853516,4459.8,2026-01-08 01:31:00,Down,4.1599999999998545,4.0,7.595898437500182,7.16123470306411,30.314517974853516,2026-01-08 01:27:00,4463.96
Up,4441.30419921875,2026-01-08 02:02:53.676452636,16.86566925048828,31.894607543945312,4463.03,2026-01-08 01:46:00,Up,3.2299999999995634,15.0,21.725800781249745,13.635669250488718,16.894607543945312,2026-01-08 01:31:00,4459.8
Down,4438.30419921875,2026-01-08 02:25:56.713256835,14.817962646484375,39.945220947265625,4459.99,2026-01-08 01:47:00,Down,3.0399999999999636,1.0,21.68580078124978,11.777962646484411,38.945220947265625,2026-01-08 01:46:00,4463.03
Up,4436.11328125,2026-01-08 02:00:05.030708312,5.314918518066406,13.083845138549805,4466.46,2026-01-08 02:16:00,Up,6.470000000000255,29.0,30.346718750000036,1.1550814819338484,15.916154861450195,2026-01-08 01:47:00,4459.99
Down,4454.6259765625,2026-01-08 02:27:27.890510559,18.503175735473633,11.464841842651367,4446.79,2026-01-08 02:50:00,Down,19.670000000000073,34.0,7.835976562500036,1.16682426452644,22.535158157348633,2026-01-08 02:16:00,4466.46
Up,4433.40283203125,2026-01-08 03:05:34.214458465,6.556425094604492,15.57024097442627,4452.47,2026-01-08 02:58:00,Up,5.680000000000291,8.0,19.067167968750255,0.8764250946042011,7.5702409744262695,2026-01-08 02:50:00,4446.79
Down,4454.17529296875,2026-01-08 03:16:05.072135925,17.436622619628906,18.084535598754883,4444.59,2026-01-08 03:00:00,Down,7.880000000000109,2.0,9.585292968749854,9.556622619628797,16.084535598754883,2026-01-08 02:58:00,4452.47
Up,4435.42236328125,2026-01-08 03:15:04.871406555,10.145111083984375,15.08119010925293,4460.44,2026-01-08 03:11:00,Up,15.849999999999454,11.0,25.0176367187496,5.704888916015079,4.08119010925293,2026-01-08 03:00:00,4444.59
Down,4443.427734375,2026-01-08 03:26:28.810558319,11.782754898071289,15.480175971984863,4454.91,2026-01-08 03:18:00,Down,5.529999999999745,7.0,11.482265624999854,6.252754898071544,8.480175971984863,2026-01-08 03:11:00,4460.44
Up,4419.08203125,2026-01-08 03:33:10.232505798,16.907634735107422,15.170541763305664,4460.39,2026-01-08 03:23:00,Up,5.480000000000473,5.0,41.30796875000033,11.427634735106949,10.170541763305664,2026-01-08 03:18:00,4454.91
Down,4430.5888671875,2026-01-08 03:40:36.122474670,17.71550178527832,17.602041244506836,4442.02,2026-01-08 03:55:00,Down,18.36999999999989,32.0,11.431132812500437,0.6544982147215705,14.397958755493164,2026-01-08 03:23:00,4460.39
Up,4419.10595703125,2026-01-08 04:09:39.588832855,12.303852081298828,14.65981388092041,4449.67,2026-01-08 04:01:00,Up,7.649999999999636,6.0,30.564042968750073,4.653852081299192,8.65981388092041,2026-01-08 03:55:00,4442.02
Down,4426.99072265625,2026-01-08 04:18:02.495384216,12.901345252990723,17.041589736938477,4433.65,2026-01-08 04:37:00,Down,16.020000000000437,36.0,6.659277343749636,3.118654747009714,18.958410263061523,2026-01-08 04:01:00,4449.67
Up,4413.48193359375,2026-01-08 04:52:54.207859039,12.579571723937988,15.903464317321777,4445.73,2026-01-08 05:12:00,Up,12.079999999999927,35.0,32.24806640624956,0.49957172393806104,19.096535682678223,2026-01-08 04:37:00,4433.65
Down,4416.54833984375,2026-01-08 05:28:13.377685546,9.733817100524902,16.22296142578125,4437.39,2026-01-08 05:17:00,Down,8.339999999999236,5.0,20.841660156250327,1.3938171005256663,11.22296142578125,2026-01-08 05:12:00,4445.73
Up,4412.18310546875,2026-01-08 05:35:55.303802490,10.821281433105469,18.921730041503906,4446.45,2026-01-08 05:31:00,Up,9.05999999999949,14.0,34.26689453124982,1.761281433105978,4.921730041503906,2026-01-08 05:17:00,4437.39
Down,4398.025390625,2026-01-08 05:48:25.831375122,12.10434627532959,17.430522918701172,4440.1,2026-01-08 05:39:00,Down,6.349999999999454,8.0,42.074609375000364,5.7543462753301355,9.430522918701172,2026-01-08 05:31:00,4446.45
Up,4413.13232421875,2026-01-08 05:57:46.242027282,8.136770248413086,18.770700454711914,4442.88,2026-01-08 05:48:00,Up,2.7799999999997453,9.0,29.74767578125011,5.356770248413341,9.770700454711914,2026-01-08 05:39:00,4440.1
Down,4394.7421875,2026-01-08 06:06:41.277580261,10.681768417358398,18.687959671020508,4436.69,2026-01-08 06:07:00,Down,6.190000000000509,19.0,41.9478124999996,4.491768417357889,0.3120403289794922,2026-01-08 05:48:00,4442.88
Up,4407.2041015625,2026-01-08 22:37:21.950683593,6.563906669616699,990.3658447265625,4440.54,2026-01-08 06:19:00,Up,3.850000000000364,12.0,33.335898437499964,2.7139066696163354,978.3658447265625,2026-01-08 06:07:00,4436.69
Down,4398.3583984375,2026-01-08 06:36:58.950805664,7.118292808532715,17.982513427734375,4423.14,2026-01-08 07:16:00,Down,17.399999999999636,57.0,24.781601562500327,10.281707191466921,39.017486572265625,2026-01-08 06:19:00,4440.54
Up,4420.0205078125,2026-01-08 07:29:59.305400848,6.571254253387451,13.988423347473145,4429.7,2026-01-08 07:23:00,Up,6.559999999999491,7.0,9.679492187499818,0.011254253387960489,6.9884233474731445,2026-01-08 07:16:00,4423.14
Down,4405.47998046875,2026-01-08 07:39:52.470588684,9.76055908203125,16.874509811401367,4415.75,2026-01-08 07:44:00,Down,13.949999999999818,21.0,10.27001953125,4.189440917968568,4.125490188598633,2026-01-08 07:23:00,4429.7
Up,4416.85546875,2026-01-08 08:02:38.063163757,9.152886390686035,18.63438606262207,4429.28,2026-01-08 08:00:00,Up,13.529999999999745,16.0,12.424531249999745,4.37711360931371,2.6343860626220703,2026-01-08 07:44:00,4415.75
Down,4413.53173828125,2026-01-08 08:14:10.176258087,13.145652770996094,14.169604301452637,4416.04,2026-01-08 08:06:00,Down,13.239999999999782,6.0,2.5082617187499636,0.09434722900368797,8.169604301452637,2026-01-08 08:00:00,4429.28
Up,4408.380859375,2026-01-08 08:23:08.383941650,13.828442573547363,17.139732360839844,4437.84,2026-01-08 08:39:00,Up,21.800000000000182,33.0,29.459140625000146,7.971557426452819,15.860267639160156,2026-01-08 08:06:00,4416.04
Down,4405.20751953125,2026-01-08 08:54:38.115348815,14.72360897064209,15.635255813598633,4430.14,2026-01-08 08:47:00,Down,7.699999999999818,8.0,24.932480468750327,7.023608970642272,7.635255813598633,2026-01-08 08:39:00,4437.84
Up,4409.2314453125,2026-01-08 09:01:58.979930877,13.033971786499023,14.982998847961426,4436.09,2026-01-08 09:01:00,Up,5.949999999999818,14.0,26.858554687500146,7.083971786499205,0.9829988479614258,2026-01-08 08:47:00,4430.14
Down,4422.8330078125,2026-01-08 09:18:05.128211975,15.26469898223877,17.08547019958496,4432.16,2026-01-08 09:02:00,Down,3.930000000000291,1.0,9.326992187499854,11.334698982238478,16.08547019958496,2026-01-08 09:01:00,4436.09
Up,4419.47412109375,2026-01-08 09:17:36.261463165,12.425639152526855,15.604357719421387,4439.69,2026-01-08 09:11:00,Up,7.529999999999745,9.0,20.2158789062496,4.89563915252711,6.604357719421387,2026-01-08 09:02:00,4432.16
Down,4420.84716796875,2026-01-08 13:44:18.837890625,13.590033531188965,273.31396484375,4430.76,2026-01-08 09:26:00,Down,8.929999999999382,15.0,9.912832031250218,4.660033531189583,258.31396484375,2026-01-08 09:11:00,4439.69
Up,4407.806640625,2026-01-08 09:42:04.605216979,8.01242446899414,16.076753616333008,4437.01,2026-01-08 09:29:00,Up,6.25,3.0,29.20335937500022,1.7624244689941406,13.076753616333008,2026-01-08 09:26:00,4430.76
Down,4404.53369140625,2026-01-08 09:48:40.126647949,8.11543083190918,19.668777465820312,4428.42,2026-01-08 09:49:00,Down,8.590000000000146,20.0,23.886308593750073,0.47456916809096583,0.3312225341796875,2026-01-08 09:29:00,4437.01
Up,4402.38330078125,2026-01-08 10:06:16.673126220,8.494699478149414,17.27788543701172,4433.92,2026-01-08 09:56:00,Up,5.5,7.0,31.536699218750073,2.994699478149414,10.277885437011719,2026-01-08 09:49:00,4428.42
Down,4415.44140625,2026-01-08 10:12:53.009033203,11.917045593261719,16.88348388671875,4425.69,2026-01-08 10:05:00,Down,8.230000000000473,9.0,10.2485937499996,3.687045593261246,7.88348388671875,2026-01-08 09:56:00,4433.92
Up,4411.44775390625,2026-01-08 10:24:50.444641113,10.413514137268066,19.840744018554688,4433.26,2026-01-08 10:11:00,Up,7.5700000000006185,6.0,21.81224609375022,2.843514137267448,13.840744018554688,2026-01-08 10:05:00,4425.69
Down,4398.5869140625,2026-01-08 10:28:26.303901672,9.443771362304688,17.438398361206055,4419.96,2026-01-08 10:43:00,Down,13.300000000000182,32.0,21.373085937500036,3.8562286376954944,14.561601638793945,2026-01-08 10:11:00,4433.26
Up,4381.1171875,2026-01-08 11:00:46.641082763,9.055124282836914,17.77735137939453,4435.47,2026-01-08 11:01:00,Up,15.510000000000218,18.0,54.352812500000255,6.454875717163304,0.22264862060546875,2026-01-08 10:43:00,4419.96
Down,4407.1943359375,2026-01-08 11:17:04.500045776,9.059528350830078,16.075000762939453,4426.09,2026-01-08 11:20:00,Down,9.38000000000011,19.0,18.895664062500146,0.320471649170031,2.924999237060547,2026-01-08 11:01:00,4435.47
Up,4396.8232421875,2026-01-08 11:38:57.897377014,11.758928298950195,18.964956283569336,4434.83,2026-01-08 11:34:00,Up,8.739999999999782,14.0,38.00675781249993,3.0189282989504136,4.964956283569336,2026-01-08 11:20:00,4426.09
Down,4393.3955078125,2026-01-08 11:50:53.927993774,9.262991905212402,16.898799896240234,4429.12,2026-01-08 11:48:00,Down,5.710000000000036,14.0,35.72449218749989,3.552991905212366,2.8987998962402344,2026-01-08 11:34:00,4434.83
Up,4396.30322265625,2026-01-08 12:04:25.780220031,7.598507404327393,16.429670333862305,4433.43,2026-01-08 11:56:00,Up,4.3100000000004,8.0,37.12677734375029,3.2885074043269924,8.429670333862305,2026-01-08 11:48:00,4429.12
Down,4399.7626953125,2026-01-08 12:11:38.931999206,7.524991989135742,15.648866653442383,4423.08,2026-01-08 12:20:00,Down,10.350000000000364,24.0,23.317304687499927,2.8250080108646216,8.351133346557617,2026-01-08 11:56:00,4433.43
Up,4419.55517578125,2026-01-08 12:35:39.313373565,6.917603492736816,15.65522289276123,4434.76,2026-01-08 12:42:00,Up,11.680000000000291,22.0,15.204824218750218,4.762396507263475,6.3447771072387695,2026-01-08 12:20:00,4423.08
Down,4418.03125,2026-01-08 12:56:58.118762969,7.400067329406738,14.968646049499512,4429.99,2026-01-08 12:56:00,Down,4.770000000000437,14.0,11.958749999999782,2.6300673294063017,0.9686460494995117,2026-01-08 12:42:00,4434.76
Up,4405.49658203125,2026-01-08 13:14:41.392364501,9.761446952819824,18.68987274169922,4433.91,2026-01-08 12:59:00,Up,3.9200000000000728,3.0,28.413417968749854,5.8414469528197515,15.689872741699219,2026-01-08 12:56:00,4429.99
Down,4430.43896484375,2026-01-08 13:15:52.131385803,7.127901554107666,16.86885643005371,4424.8,2026-01-08 13:25:00,Down,9.109999999999673,26.0,5.638964843749818,1.9820984458920066,9.131143569946289,2026-01-08 12:59:00,4433.91
Up,4426.169921875,2026-01-08 13:47:34.496383666,6.789300918579102,22.574939727783203,4428.1,2026-01-08 13:40:00,Up,3.300000000000182,15.0,1.9300781250003638,3.4893009185789197,7.574939727783203,2026-01-08 13:25:00,4424.8
Down,4426.244140625,2026-01-08 13:57:07.275581359,7.996074676513672,17.121259689331055,4407.76,2026-01-08 14:16:00,Down,20.340000000000146,36.0,18.48414062499978,12.343925323486474,18.878740310668945,2026-01-08 13:40:00,4428.1
Up,4442.42822265625,2026-01-08 14:31:51.546306610,7.539178848266602,15.859105110168457,4431.4,2026-01-08 14:44:00,Up,23.639999999999418,28.0,11.028222656250364,16.100821151732816,12.140894889831543,2026-01-08 14:16:00,4407.76
Down,4441.31982421875,2026-01-08 14:59:07.277297973,8.190089225769043,15.121288299560547,4417.4,2026-01-08 15:10:00,Down,14.0,26.0,23.919824218750364,5.809910774230957,10.878711700439453,2026-01-08 14:44:00,4431.4
Up,4437.349609375,2026-01-08 15:26:01.483383178,11.726937294006348,16.024723052978516,4436.63,2026-01-08 15:25:00,Up,19.230000000000473,15.0,0.7196093749998909,7.503062705994125,1.0247230529785156,2026-01-08 15:10:00,4417.4
Down,4448.708984375,2026-01-08 15:39:48.857688903,12.899682998657227,14.814294815063477,4425.86,2026-01-08 15:33:00,Down,10.770000000000437,8.0,22.848984375000327,2.12968299865679,6.814294815063477,2026-01-08 15:25:00,4436.63
Up,4440.1572265625,2026-01-08 15:48:35.464267730,15.203121185302734,15.591071128845215,4435.55,2026-01-08 15:44:00,Up,9.69000000000051,11.0,4.607226562499818,5.513121185302225,4.591071128845215,2026-01-08 15:33:00,4425.86
Down,4443.1689453125,2026-01-08 15:57:33.772945404,12.214710235595703,13.562882423400879,4419.23,2026-01-08 16:08:00,Down,16.32000000000062,24.0,23.938945312500437,4.105289764404915,10.437117576599121,2026-01-08 15:44:00,4435.55
Up,4447.32568359375,2026-01-08 16:21:58.121337890,10.641634941101074,13.96868896484375,4439.32,2026-01-08 16:50:00,Up,20.090000000000146,42.0,8.005683593750291,9.448365058899071,28.03131103515625,2026-01-08 16:08:00,4419.23
Down,4456.203125,2026-01-08 17:05:15.341835021,12.717588424682617,15.255697250366211,4427.78,2026-01-08 17:01:00,Down,11.539999999999964,11.0,28.423125000000255,1.1775884246826536,4.255697250366211,2026-01-08 16:50:00,4439.32
Up,4434.21240234375,2026-01-08 17:16:18.172245025,12.1688871383667,15.302870750427246,4453.98,2026-01-08 17:17:00,Up,26.199999999999818,16.0,19.767597656249563,14.031112861633119,0.6971292495727539,2026-01-08 17:01:00,4427.78
Down,4437.376953125,2026-01-08 17:34:07.982025146,14.907979965209961,17.133033752441406,4443.45,2026-01-08 17:26:00,Down,10.529999999999745,9.0,6.073046874999818,4.377979965210216,8.133033752441406,2026-01-08 17:17:00,4453.98
Up,4437.41943359375,2026-01-08 17:41:45.783004760,19.655025482177734,15.763050079345703,4456.42,2026-01-08 17:50:00,Up,12.970000000000255,24.0,19.000566406250073,6.68502548217748,8.236949920654297,2026-01-08 17:26:00,4443.45
Down,4408.515625,2026-01-08 18:07:03.160972595,13.457286834716797,17.052682876586914,4447.76,2026-01-08 17:55:00,Down,8.659999999999854,5.0,39.24437500000022,4.797286834716942,12.052682876586914,2026-01-08 17:50:00,4456.42
Up,4416.07177734375,2026-01-08 18:11:32.265243530,13.054863929748535,16.53775405883789,4458.0,2026-01-08 18:02:00,Up,10.239999999999782,7.0,41.92822265625,2.8148639297487534,9.53775405883789,2026-01-08 17:55:00,4447.76
Down,4426.09619140625,2026-01-08 18:18:58.299865722,14.128914833068848,16.971664428710938,4447.0,2026-01-08 18:15:00,Down,11.0,13.0,20.90380859375,3.1289148330688477,3.9716644287109375,2026-01-08 18:02:00,4458.0
Up,4405.29541015625,2026-01-08 18:30:15.747356414,13.913944244384766,15.262455940246582,4464.61,2026-01-08 18:42:00,Up,17.609999999999673,27.0,59.31458984374967,3.696055755614907,11.737544059753418,2026-01-08 18:15:00,4447.0
Down,4413.39453125,2026-01-08 19:00:01.289634704,11.389607429504395,18.021493911743164,4457.87,2026-01-08 18:48:00,Down,6.739999999999782,6.0,44.47546874999989,4.649607429504613,12.021493911743164,2026-01-08 18:42:00,4464.61
Up,4407.46044921875,2026-01-08 19:05:27.853202819,13.6496000289917,17.46422004699707,4465.36,2026-01-08 19:02:00,Up,7.489999999999782,14.0,57.89955078124967,6.1596000289919175,3.4642200469970703,2026-01-08 18:48:00,4457.87
Down,4417.51171875,2026-01-08 19:18:59.982719421,10.488692283630371,16.999711990356445,4457.66,2026-01-08 19:17:00,Down,7.699999999999818,15.0,40.148281249999854,2.788692283630553,1.9997119903564453,2026-01-08 19:02:00,4465.36
Up,4407.65625,2026-01-08 19:33:00.336456298,8.709172248840332,16.00560760498047,4463.6,2026-01-08 19:32:00,Up,5.940000000000509,15.0,55.943750000000364,2.7691722488398227,1.0056076049804688,2026-01-08 19:17:00,4457.66
Down,4403.41845703125,2026-01-08 19:49:15.170288085,8.870442390441895,17.252838134765625,4459.08,2026-01-08 19:38:00,Down,4.520000000000437,6.0,55.66154296874993,4.350442390441458,11.252838134765625,2026-01-08 19:32:00,4463.6
Up,4412.09912109375,2026-01-08 19:54:15.489921569,7.076725959777832,16.25816535949707,4464.06,2026-01-08 19:59:00,Up,4.980000000000473,21.0,51.9608789062504,2.096725959777359,4.74183464050293,2026-01-08 19:38:00,4459.08
Down,4432.0771484375,2026-01-08 20:14:57.966156005,7.444606304168701,15.966102600097656,4448.03,2026-01-08 20:36:00,Down,16.030000000000655,37.0,15.952851562499745,8.585393695831954,21.033897399902344,2026-01-08 19:59:00,4464.06
Up,4427.71923828125,2026-01-08 20:51:45.761260986,6.682707786560059,15.762687683105469,4455.06,2026-01-08 20:48:00,Up,7.030000000000655,12.0,27.3407617187504,0.34729221344059624,3.7626876831054688,2026-01-08 20:36:00,4448.03
Down,4415.80615234375,2026-01-08 21:06:13.494415283,9.389369010925293,18.22490692138672,4444.78,2026-01-08 21:17:00,Down,10.280000000000655,29.0,28.973847656249745,0.8906309890753619,10.775093078613281,2026-01-08 20:48:00,4455.06
Up,4413.779296875,2026-01-08 21:33:17.229080200,7.841945171356201,16.287151336669922,4452.92,2026-01-08 21:47:00,Up,8.140000000000327,30.0,39.14070312500007,0.29805482864412625,13.712848663330078,2026-01-08 21:17:00,4444.78
Down,4426.67236328125,2026-01-08 22:03:11.800460815,8.429462432861328,16.196674346923828,4449.73,2026-01-08 21:51:00,Down,3.1900000000005093,4.0,23.057636718749563,5.239462432860819,12.196674346923828,2026-01-08 21:47:00,4452.92
Up,4420.82861328125,2026-01-08 22:06:49.916324615,8.156803131103516,15.831938743591309,4478.11,2026-01-08 22:36:00,Up,28.38000000000011,45.0,57.28138671874967,20.223196868896594,29.16806125640869,2026-01-08 21:51:00,4449.73
Down,4440.1875,2026-01-08 22:51:32.607994079,7.328441619873047,15.543466567993164,4472.07,2026-01-08 22:46:00,Down,6.039999999999964,10.0,31.88249999999971,1.2884416198730833,5.543466567993164,2026-01-08 22:36:00,4478.11
Up,4432.40283203125,2026-01-08 23:01:30.891952514,9.879535675048828,15.51486587524414,4479.47,2026-01-08 23:10:00,Up,7.400000000000546,24.0,47.067167968750255,2.4795356750482824,8.48513412475586,2026-01-08 22:46:00,4472.07
Down,4437.65283203125,2026-01-08 23:28:20.463066101,11.030007362365723,18.34105110168457,4472.73,2026-01-08 23:22:00,Down,6.740000000000691,12.0,35.07716796874956,4.290007362365031,6.34105110168457,2026-01-08 23:10:00,4479.47
Up,4433.0751953125,2026-01-08 23:38:45.675544738,7.263308048248291,16.761259078979492,4475.81,2026-01-08 23:31:00,Up,3.0800000000008367,9.0,42.7348046875004,4.183308048247454,7.761259078979492,2026-01-08 23:22:00,4472.73
Down,4430.9560546875,2026-01-08 23:46:14.565181732,7.8469438552856445,15.242753028869629,4472.57,2026-01-08 23:41:00,Down,3.240000000000691,10.0,41.61394531249971,4.606943855284953,5.242753028869629,2026-01-08 23:31:00,4475.81
Up,4411.17919921875,2026-01-09 01:03:37.189178466,7.480216026306152,82.61981964111328,4484.04,2026-01-09 01:02:00,Up,11.470000000000255,81.0,72.86080078124996,3.9897839736941023,1.6198196411132812,2026-01-08 23:41:00,4472.57
Down,4432.02294921875,2026-01-09 01:18:59.225463867,6.9151082038879395,16.987091064453125,4475.06,2026-01-09 01:24:00,Down,8.979999999999563,22.0,43.0370507812504,2.064891796111624,5.012908935546875,2026-01-09 01:02:00,4484.04
Up,4437.67138671875,2026-01-09 01:40:06.655197143,8.86460018157959,16.110919952392578,4478.46,2026-01-09 01:26:00,Up,3.399999999999636,2.0,40.788613281250036,5.464600181579954,14.110919952392578,2026-01-09 01:24:00,4475.06
Down,4425.40087890625,2026-01-09 01:49:49.010581970,9.642992973327637,23.816843032836914,4472.94,2026-01-09 01:48:00,Down,5.520000000000437,22.0,47.5391210937496,4.1229929733272,1.816843032836914,2026-01-09 01:26:00,4478.46
Up,4433.91796875,2026-01-09 02:11:46.819267272,12.486381530761719,23.78032112121582,4476.6,2026-01-09 02:00:00,Up,3.660000000000764,12.0,42.682031250000364,8.826381530760955,11.78032112121582,2026-01-09 01:48:00,4472.94
Down,4435.484375,2026-01-09 02:15:38.142585754,7.9146904945373535,15.635709762573242,4459.99,2026-01-09 02:53:00,Down,16.610000000000582,53.0,24.50562499999978,8.695309505463229,37.36429023742676,2026-01-09 02:00:00,4476.6
Up,4428.59326171875,2026-01-09 03:09:01.148986816,8.739082336425781,16.019149780273438,4465.63,2026-01-09 03:00:00,Up,5.640000000000327,7.0,37.03673828125011,3.099082336425454,9.019149780273438,2026-01-09 02:53:00,4459.99
Down,4436.41455078125,2026-01-09 03:17:46.526870727,13.069438934326172,17.775447845458984,4452.96,2026-01-09 03:08:00,Down,12.670000000000073,8.0,16.545449218750036,0.3994389343260991,9.775447845458984,2026-01-09 03:00:00,4465.63
Up,4438.89404296875,2026-01-09 03:25:55.959548950,14.407209396362305,17.932659149169922,4461.54,2026-01-09 03:16:00,Up,8.579999999999927,8.0,22.645957031249964,5.8272093963623774,9.932659149169922,2026-01-09 03:08:00,4452.96
Down,4435.24658203125,2026-01-09 03:29:30.500679016,14.419979095458984,13.508344650268555,4453.13,2026-01-09 03:20:00,Down,8.409999999999854,4.0,17.88341796875011,6.00997909545913,9.508344650268555,2026-01-09 03:16:00,4461.54
Up,4429.34375,2026-01-09 03:35:13.043975830,12.155484199523926,15.217399597167969,4460.08,2026-01-09 03:35:00,Up,6.949999999999818,15.0,30.736249999999927,5.205484199524108,0.21739959716796875,2026-01-09 03:20:00,4453.13
Down,4426.95263671875,2026-01-09 03:51:20.412597656,14.781731605529785,16.3402099609375,4456.16,2026-01-09 03:37:00,Down,3.9200000000000728,2.0,29.207363281249854,10.861731605529712,14.3402099609375,2026-01-09 03:35:00,4460.08
Up,4434.63671875,2026-01-09 03:52:26.977729797,10.682206153869629,15.449628829956055,4476.54,2026-01-09 04:05:00,Up,20.38000000000011,28.0,41.903281249999964,9.69779384613048,12.550371170043945,2026-01-09 03:37:00,4456.16
Down,4426.69482421875,2026-01-09 04:22:44.443702697,12.54716968536377,17.7407283782959,4470.05,2026-01-09 04:16:00,Down,6.489999999999782,11.0,43.35517578125018,6.057169685363988,6.740728378295898,2026-01-09 04:05:00,4476.54
Up,4422.724609375,2026-01-09 04:30:06.945075988,9.180946350097656,14.115751266479492,4475.55,2026-01-09 04:30:00,Up,5.5,14.0,52.82539062500018,3.6809463500976562,0.11575126647949219,2026-01-09 04:16:00,4470.05
Down,4428.1083984375,2026-01-09 04:48:50.238761901,11.688676834106445,18.837312698364258,4468.34,2026-01-09 04:39:00,Down,7.210000000000036,9.0,40.231601562500146,4.478676834106409,9.837312698364258,2026-01-09 04:30:00,4475.55
Up,4418.7109375,2026-01-09 04:55:26.982536315,7.560839653015137,16.449708938598633,4473.73,2026-01-09 04:44:00,Up,5.389999999999418,5.0,55.01906249999956,2.170839653015719,11.449708938598633,2026-01-09 04:39:00,4468.34
Down,4419.31103515625,2026-01-09 04:59:55.482902526,6.375266075134277,15.924715042114258,4462.14,2026-01-09 05:18:00,Down,11.589999999999236,34.0,42.82896484375033,5.214733924864959,18.075284957885742,2026-01-09 04:44:00,4473.73
Up,4419.2275390625,2026-01-09 05:34:43.308906555,7.364251613616943,16.72181510925293,4466.43,2026-01-09 05:21:00,Up,4.289999999999964,3.0,47.20246093750029,3.0742516136169797,13.72181510925293,2026-01-09 05:18:00,4462.14
Down,4430.15673828125,2026-01-09 05:39:50.581169128,8.856453895568848,18.843019485473633,4460.53,2026-01-09 05:32:00,Down,5.900000000000546,11.0,30.373261718749745,2.956453895568302,7.843019485473633,2026-01-09 05:21:00,4466.43
Up,4428.05712890625,2026-01-09 05:51:49.453582763,12.249567985534668,19.82422637939453,4465.9,2026-01-09 05:45:00,Up,5.369999999999891,13.0,37.842871093749636,6.879567985534777,6.824226379394531,2026-01-09 05:32:00,4460.53
Down,4447.0087890625,2026-01-09 06:00:14.668579101,7.215344429016113,15.244476318359375,4460.78,2026-01-09 06:18:00,Down,5.119999999999891,33.0,13.771210937499745,2.0953444290162224,17.755523681640625,2026-01-09 05:45:00,4465.9
Up,4444.9873046875,2026-01-09 06:35:00.173492431,7.3133769035339355,17.002891540527344,4464.62,2026-01-09 06:35:00,Up,3.8400000000001455,17.0,19.63269531249989,3.47337690353379,0.00289154052734375,2026-01-09 06:18:00,4460.78
Down,4439.15380859375,2026-01-09 06:53:14.177970886,9.239750862121582,18.236299514770508,4461.62,2026-01-09 06:37:00,Down,3.0,2.0,22.46619140624989,6.239750862121582,16.236299514770508,2026-01-09 06:35:00,4464.62
Up,4440.18896484375,2026-01-09 06:55:01.983032226,8.046783447265625,18.033050537109375,4466.95,2026-01-09 06:57:00,Up,5.329999999999927,20.0,26.761035156249818,2.7167834472656978,1.966949462890625,2026-01-09 06:37:00,4461.62
Down,4446.06298828125,2026-01-09 07:08:31.453456878,8.093640327453613,11.524224281311035,4460.24,2026-01-09 07:16:00,Down,6.710000000000036,19.0,14.177011718749782,1.383640327453577,7.475775718688965,2026-01-09 06:57:00,4466.95
Up,4441.50244140625,2026-01-09 07:33:16.996765136,5.673422336578369,17.283279418945312,4463.97,2026-01-09 07:20:00,Up,3.730000000000473,4.0,22.467558593750255,1.9434223365778962,13.283279418945312,2026-01-09 07:16:00,4460.24
Down,4440.36328125,2026-01-09 07:37:20.400123596,8.358181953430176,17.340002059936523,4458.32,2026-01-09 07:24:00,Down,5.650000000000546,4.0,17.95671874999971,2.70818195342963,13.340002059936523,2026-01-09 07:20:00,4463.97
Up,4439.775390625,2026-01-09 07:41:25.821876525,5.8742804527282715,17.43036460876465,4471.78,2026-01-09 07:35:00,Up,13.460000000000036,11.0,32.004609374999745,7.585719547271765,6.430364608764648,2026-01-09 07:24:00,4458.32
Down,4442.85693359375,2026-01-09 07:51:41.087837219,10.556539535522461,16.684797286987305,4465.6,2026-01-09 07:47:00,Down,6.1799999999993815,12.0,22.743066406250364,4.376539535523079,4.684797286987305,2026-01-09 07:35:00,4471.78
Up,4431.1435546875,2026-01-09 08:04:10.957832336,11.911066055297852,17.18263053894043,4470.98,2026-01-09 08:01:00,Up,5.3799999999992,14.0,39.83644531249956,6.531066055298652,3.1826305389404297,2026-01-09 07:47:00,4465.6
Down,4433.19140625,2026-01-09 08:17:26.133384704,10.181031227111816,16.435556411743164,4466.14,2026-01-09 08:14:00,Down,4.839999999999236,13.0,32.94859375000033,5.34103122711258,3.435556411743164,2026-01-09 08:01:00,4470.98
Up,4435.3291015625,2026-01-09 08:28:33.190498352,7.8437886238098145,14.55317497253418,4477.36,2026-01-09 08:48:00,Up,11.219999999999345,34.0,42.03089843749967,3.3762113761895307,19.44682502746582,2026-01-09 08:14:00,4466.14
Down,4430.79833984375,2026-01-09 09:03:08.244152069,8.255817413330078,15.137402534484863,4468.66,2026-01-09 09:35:00,Down,8.699999999999818,47.0,37.861660156249854,0.44418258666974,31.862597465515137,2026-01-09 08:48:00,4477.36
Up,4420.2158203125,2026-01-09 09:50:44.120121002,10.607239723205566,15.735335350036621,4473.15,2026-01-09 09:47:00,Up,4.489999999999782,12.0,52.934179687499636,6.117239723205785,3.735335350036621,2026-01-09 09:35:00,4468.66
Down,4434.546875,2026-01-09 10:03:56.548004150,9.67531967163086,16.942466735839844,4469.63,2026-01-09 09:51:00,Down,3.519999999999527,4.0,35.08312500000011,6.155319671631332,12.942466735839844,2026-01-09 09:47:00,4473.15
Up,4435.4326171875,2026-01-09 10:06:55.587730407,8.284229278564453,15.926462173461914,4473.48,2026-01-09 09:53:00,Up,3.8499999999994543,2.0,38.04738281249956,4.434229278564999,13.926462173461914,2026-01-09 09:51:00,4469.63
Down,4435.61181640625,2026-01-09 10:10:13.916244506,6.885051727294922,17.231937408447266,4466.4,2026-01-09 10:02:00,Down,7.079999999999927,9.0,30.788183593749636,0.19494827270500537,8.231937408447266,2026-01-09 09:53:00,4473.48
Up,4437.09521484375,2026-01-09 10:13:30.937557220,9.798319816589355,11.515625953674316,4476.95,2026-01-09 10:13:00,Up,10.550000000000182,11.0,39.85478515624982,0.7516801834108264,0.5156259536743164,2026-01-09 10:02:00,4466.4
Down,4437.09521484375,2026-01-09 10:30:10.698509216,6.8981828689575195,17.178308486938477,4464.08,2026-01-09 10:53:00,Down,12.86999999999989,40.0,26.984785156249927,5.971817131042371,22.821691513061523,2026-01-09 10:13:00,4476.95
Up,4415.23681640625,2026-01-09 11:09:50.887870788,7.625340938568115,16.84813117980957,4477.63,2026-01-09 11:20:00,Up,13.550000000000182,27.0,62.39318359375011,5.924659061432067,10.15186882019043,2026-01-09 10:53:00,4464.08
Down,4439.41259765625,2026-01-09 11:36:30.850067138,9.206806182861328,16.51416778564453,4471.64,2026-01-09 11:35:00,Down,5.989999999999782,15.0,32.22740234375033,3.2168061828615464,1.5141677856445312,2026-01-09 11:20:00,4477.63
Up,4431.05615234375,2026-01-09 11:50:55.416755676,13.73011589050293,15.923612594604492,4474.36,2026-01-09 11:47:00,Up,2.719999999999345,12.0,43.30384765624967,11.010115890503585,3.923612594604492,2026-01-09 11:35:00,4471.64
Down,4425.1435546875,2026-01-09 12:01:30.466861724,11.22917652130127,14.507781028747559,4469.87,2026-01-09 12:05:00,Down,4.489999999999782,18.0,44.72644531249989,6.739176521301488,3.4922189712524414,2026-01-09 11:47:00,4474.36
Up,4432.54248046875,2026-01-09 12:29:00.694885253,10.057182312011719,24.011581420898438,4474.22,2026-01-09 12:10:00,Up,4.350000000000364,5.0,41.677519531250255,5.707182312011355,19.011581420898438,2026-01-09 12:05:00,4469.87
Down,4439.8271484375,2026-01-09 12:26:20.284538269,7.371112823486328,16.338075637817383,4467.18,2026-01-09 12:49:00,Down,7.039999999999964,39.0,27.35285156250029,0.3311128234863645,22.661924362182617,2026-01-09 12:10:00,4474.22
Up,4431.892578125,2026-01-09 13:14:54.243965148,8.250816345214844,25.90406608581543,4474.78,2026-01-09 13:03:00,Up,7.599999999999454,14.0,42.887421874999745,0.6508163452153894,11.90406608581543,2026-01-09 12:49:00,4467.18
Down,4436.833984375,2026-01-09 13:17:52.306137084,5.905475616455078,14.871768951416016,4470.03,2026-01-09 13:09:00,Down,4.75,6.0,33.196015624999745,1.1554756164550781,8.871768951416016,2026-01-09 13:03:00,4474.78
Up,4420.73779296875,2026-01-09 13:26:13.537559509,10.008875846862793,17.22562599182129,4473.01,2026-01-09 13:21:00,Up,2.980000000000473,12.0,52.27220703125022,7.02887584686232,5.225625991821289,2026-01-09 13:09:00,4470.03
Down,4439.46533203125,2026-01-09 13:35:09.102687835,7.507071495056152,14.151711463928223,4469.28,2026-01-09 13:32:00,Down,3.730000000000473,11.0,29.814667968749745,3.7770714950556794,3.1517114639282227,2026-01-09 13:21:00,4473.01
Up,4426.36083984375,2026-01-09 16:53:12.038269042,7.601803779602051,201.2006378173828,4471.96,2026-01-09 13:39:00,Up,2.680000000000291,7.0,45.599160156250036,4.92180377960176,194.2006378173828,2026-01-09 13:32:00,4469.28
Down,4447.8115234375,2026-01-09 13:55:37.121315002,10.127357482910156,16.618688583374023,4468.81,2026-01-09 13:46:00,Down,3.149999999999636,7.0,20.9984765625004,6.97735748291052,9.618688583374023,2026-01-09 13:39:00,4471.96
Up,4449.37109375,2026-01-09 14:15:08.371009826,7.71537446975708,29.139516830444336,4480.44,2026-01-09 14:06:00,Up,11.6299999999992,20.0,31.0689062499996,3.9146255302421196,9.139516830444336,2026-01-09 13:46:00,4468.81
Down,4461.3388671875,2026-01-09 14:26:21.410865783,7.36296272277832,20.356847763061523,4461.18,2026-01-09 14:33:00,Down,19.25999999999931,27.0,0.15886718749970896,11.897037277220988,6.643152236938477,2026-01-09 14:06:00,4480.44
Up,4450.427734375,2026-01-09 14:53:57.831115722,9.251172065734863,20.963851928710938,4468.35,2026-01-09 14:48:00,Up,7.170000000000073,15.0,17.922265625000364,2.0811720657347905,5.9638519287109375,2026-01-09 14:33:00,4461.18
Down,4440.4697265625,2026-01-09 15:04:46.487274169,15.305802345275879,16.77478790283203,4463.74,2026-01-09 14:54:00,Down,4.610000000000582,6.0,23.27027343749978,10.695802345275297,10.774787902832031,2026-01-09 14:48:00,4468.35
Up,4435.89599609375,2026-01-09 15:08:57.729206085,9.85141658782959,14.962153434753418,4473.76,2026-01-09 15:06:00,Up,10.020000000000437,12.0,37.86400390625022,0.1685834121708467,2.962153434753418,2026-01-09 14:54:00,4463.74
Down,4438.3076171875,2026-01-09 15:20:49.806747436,10.289745330810547,14.83011245727539,4462.24,2026-01-09 15:20:00,Down,11.520000000000437,14.0,23.93238281249978,1.2302546691898897,0.8301124572753906,2026-01-09 15:06:00,4473.76
Up,4437.71630859375,2026-01-09 15:34:39.107837677,12.68088436126709,14.6517972946167,4474.65,2026-01-09 15:25:00,Up,12.409999999999854,5.0,36.933691406249636,0.27088436126723536,9.6517972946167,2026-01-09 15:20:00,4462.24
Down,4446.1298828125,2026-01-09 15:41:41.337089538,13.530838966369629,16.68895149230957,4457.94,2026-01-09 15:30:00,Down,16.710000000000036,5.0,11.8101171874996,3.1791610336304075,11.68895149230957,2026-01-09 15:25:00,4474.65
Up,4432.71142578125,2026-01-09 15:46:08.207015991,14.787169456481934,16.136783599853516,4491.8,2026-01-09 15:40:00,Up,33.86000000000058,10.0,59.08857421875018,19.07283054351865,6.136783599853516,2026-01-09 15:30:00,4457.94
Down,4422.0,2026-01-09 15:55:07.351856231,16.635805130004883,15.122530937194824,4479.05,2026-01-09 15:52:00,Down,12.75,12.0,57.05000000000018,3.885805130004883,3.122530937194824,2026-01-09 15:40:00,4491.8
Up,4404.14697265625,2026-01-09 16:08:33.419494628,15.275287628173828,16.556991577148438,4496.62,2026-01-09 16:11:00,Up,17.56999999999971,19.0,92.47302734374989,2.294712371825881,2.4430084228515625,2026-01-09 15:52:00,4479.05
Down,4390.9853515625,2026-01-09 16:28:23.770294189,21.771549224853516,17.39617156982422,4482.68,2026-01-09 16:33:00,Down,13.9399999999996,22.0,91.69464843750029,7.831549224853916,4.603828430175781,2026-01-09 16:11:00,4496.62
Up,4384.6875,2026-01-09 16:48:04.200439453,12.544290542602539,15.07000732421875,4498.04,2026-01-09 16:38:00,Up,15.359999999999673,5.0,113.35249999999996,2.8157094573971335,10.07000732421875,2026-01-09 16:33:00,4482.68
Down,4394.06689453125,2026-01-09 16:52:29.179859161,15.260726928710938,14.48633098602295,4479.13,2026-01-09 16:51:00,Down,18.909999999999854,13.0,85.06310546875011,3.649273071288917,1.4863309860229492,2026-01-09 16:38:00,4498.04
Up,4389.90185546875,2026-01-09 17:07:28.143653869,15.012051582336426,16.46906089782715,4517.15,2026-01-09 17:42:00,Up,38.01999999999953,51.0,127.24814453124964,23.0079484176631,34.53093910217285,2026-01-09 16:51:00,4479.13
Down,4375.78076171875,2026-01-09 18:04:07.830390930,17.555238723754883,22.13050651550293,4499.94,2026-01-09 18:13:00,Down,17.210000000000036,31.0,124.1592382812496,0.34523872375484643,8.86949348449707,2026-01-09 17:42:00,4517.15
Up,4384.001953125,2026-01-09 18:35:17.423515319,19.990150451660156,22.29039192199707,4511.67,2026-01-09 19:03:00,Up,11.730000000000473,50.0,127.66804687500007,8.260150451659683,27.70960807800293,2026-01-09 18:13:00,4499.94
Down,4361.6318359375,2026-01-09 19:19:38.454322814,13.438135147094727,16.640905380249023,4502.13,2026-01-09 19:23:00,Down,9.539999999999964,20.0,140.4981640625001,3.898135147094763,3.3590946197509766,2026-01-09 19:03:00,4511.67
Up,4389.6259765625,2026-01-09 19:39:01.471252441,12.176474571228027,16.024520874023438,4510.21,2026-01-09 19:34:00,Up,8.079999999999927,11.0,120.58402343750004,4.0964745712281,5.0245208740234375,2026-01-09 19:23:00,4502.13
Down,4382.814453125,2026-01-09 19:50:22.798919677,13.37738037109375,16.379981994628906,4481.62,2026-01-09 19:56:00,Down,28.590000000000146,22.0,98.80554687499989,15.212619628906396,5.620018005371094,2026-01-09 19:34:00,4510.21
Up,4420.22998046875,2026-01-09 20:09:48.121376037,9.800884246826172,13.802022933959961,4504.59,2026-01-09 20:40:00,Up,22.970000000000255,44.0,84.36001953125015,13.169115753174083,30.19797706604004,2026-01-09 19:56:00,4481.62
Down,4425.22509765625,2026-01-09 20:57:33.391799926,19.315977096557617,17.556529998779297,4492.88,2026-01-09 21:06:00,Down,11.710000000000036,26.0,67.65490234375011,7.605977096557581,8.443470001220703,2026-01-09 20:40:00,4504.59
Up,4433.142578125,2026-01-09 21:23:16.561660766,14.222384452819824,17.27602767944336,4501.72,2026-01-09 21:25:00,Up,8.840000000000146,19.0,68.57742187500025,5.382384452819679,1.7239723205566406,2026-01-09 21:06:00,4492.88
Down,4427.97705078125,2026-01-09 21:41:38.630447387,8.650491714477539,16.643840789794922,4495.98,2026-01-09 21:30:00,Down,5.740000000000691,5.0,68.00294921874956,2.910491714476848,11.643840789794922,2026-01-09 21:25:00,4501.72
Up,4405.228515625,2026-01-09 21:46:00.953636169,6.637635707855225,16.015893936157227,4501.93,2026-01-09 21:53:00,Up,5.950000000000728,23.0,96.70148437500029,0.687635707854497,6.984106063842773,2026-01-09 21:30:00,4495.98
Down,4421.2138671875,2026-01-09 22:04:51.358852386,10.109634399414062,11.85598087310791,4497.92,2026-01-09 22:00:00,Down,4.010000000000218,7.0,76.70613281250007,6.099634399413844,4.85598087310791,2026-01-09 21:53:00,4501.93
Up,4442.9169921875,2026-01-09 22:17:17.610626220,9.050368309020996,17.29351043701172,4509.47,2026-01-09 22:18:00,Up,11.550000000000182,18.0,66.55300781250025,2.499631690979186,0.7064895629882812,2026-01-09 22:00:00,4497.92
Down,4434.9892578125,2026-01-09 22:34:46.019554138,8.722254753112793,16.766992568969727,4502.56,2026-01-09 22:44:00,Down,6.9099999999998545,26.0,67.5707421875004,1.8122547531129385,9.233007431030273,2026-01-09 22:18:00,4509.47
Up,4428.4658203125,2026-01-09 23:00:55.728721618,9.538060188293457,16.92881202697754,4510.18,2026-01-09 22:59:00,Up,7.619999999999891,15.0,81.71417968750029,1.9180601882935662,1.928812026977539,2026-01-09 22:44:00,4502.56
Down,4430.7080078125,2026-01-09 23:16:50.628890991,8.197223663330078,17.843814849853516,4505.08,2026-01-09 23:09:00,Down,5.100000000000364,10.0,74.37199218749993,3.0972236633297143,7.843814849853516,2026-01-09 22:59:00,4510.18
Up,4424.44189453125,2026-01-09 23:25:01.185607910,6.459918022155762,16.019760131835938,4510.48,2026-01-09 23:22:00,Up,5.399999999999636,13.0,86.03810546874956,1.0599180221561255,3.0197601318359375,2026-01-09 23:09:00,4505.08
Down,4437.9560546875,2026-01-09 23:36:03.364448547,5.9332756996154785,14.056074142456055,4505.96,2026-01-09 23:42:00,Down,4.519999999999527,20.0,68.00394531250004,1.4132756996159515,5.943925857543945,2026-01-09 23:22:00,4510.48
Up,4434.38818359375,2026-01-09 23:56:48.334121704,8.301248550415039,14.80556869506836,4511.0,2026-01-09 23:44:00,Up,5.039999999999964,2.0,76.61181640625,3.2612485504150754,12.80556869506836,2026-01-09 23:42:00,4505.96
